,region,year,artist,streams,latitude,longitude
0,Argentina,2017,Ozuna,107105891,-38.4161,-63.6167
1,Argentina,2017,Ed Sheeran,81184675,-38.4161,-63.6167
2,Argentina,2017,Maluma,79420614,-38.4161,-63.6167
3,Argentina,2017,Nicky Jam,64350505,-38.4161,-63.6167
4,Argentina,2017,Shakira,54252019,-38.4161,-63.6167
5,Argentina,2018,Paulo Londra,104153731,-38.4161,-63.6167
6,Argentina,2018,Ozuna,83584167,-38.4161,-63.6167
7,Argentina,2018,Maluma,68309967,-38.4161,-63.6167
8,Argentina,2018,Bad Bunny,65417249,-38.4161,-63.6167
9,Argentina,2018,Duki,54573767,-38.4161,-63.6167
10,Argentina,2019,Paulo Londra,224215917,-38.4161,-63.6167
11,Argentina,2019,WOS,91557486,-38.4161,-63.6167
12,Argentina,2019,Duki,78161246,-38.4161,-63.6167
13,Argentina,2019,Maluma,70109108,-38.4161,-63.6167
14,Argentina,2019,Bad Bunny,63281876,-38.4161,-63.6167
15,Argentina,2020,J Balvin,114299123,-38.4161,-63.6167
16,Argentina,2020,Camilo,102152375,-38.4161,-63.6167
17,Argentina,2020,Bad Bunny,100438316,-38.4161,-63.6167
18,Argentina,2020,Maluma,83412737,-38.4161,-63.6167
19,Argentina,2020,Rauw Alejandro,76521526,-38.4161,-63.6167
20,Argentina,2021,Rauw Alejandro,129957293,-38.4161,-63.6167
21,Argentina,2021,Maria Becerra,108096490,-38.4161,-63.6167
22,Argentina,2021,"TINI, Maria Becerra",68688945,-38.4161,-63.6167
23,Argentina,2021,Bad Bunny,67354580,-38.4161,-63.6167
24,Argentina,2021,Olivia Rodrigo,66283905,-38.4161,-63.6167
25,Australia,2017,Ed Sheeran,208559243,-25.2744,133.7751
26,Australia,2017,Kendrick Lamar,75708556,-25.2744,133.7751
27,Australia,2017,Drake,51564301,-25.2744,133.7751
28,Australia,2017,Khalid,47864990,-25.2744,133.7751
29,Australia,2017,"Calvin Harris, Funk Wav",44340930,-25.2744,133.7751
30,Australia,2018,Post Malone,196029570,-25.2744,133.7751
31,Australia,2018,Drake,155233575,-25.2744,133.7751
32,Australia,2018,XXXTENTACION,143595650,-25.2744,133.7751
33,Australia,2018,Ed Sheeran,112703900,-25.2744,133.7751
34,Australia,2018,Khalid,94061720,-25.2744,133.7751
35,Australia,2019,Billie Eilish,219218372,-25.2744,133.7751
36,Australia,2019,Post Malone,196456393,-25.2744,133.7751
37,Australia,2019,Ed Sheeran,170060906,-25.2744,133.7751
38,Australia,2019,Ariana Grande,147200350,-25.2744,133.7751
39,Australia,2019,Khalid,115533808,-25.2744,133.7751
40,Australia,2020,Juice WRLD,125771098,-25.2744,133.7751
41,Australia,2020,Harry Styles,105238769,-25.2744,133.7751
42,Australia,2020,Billie Eilish,101292561,-25.2744,133.7751
43,Australia,2020,Dua Lipa,99638671,-25.2744,133.7751
44,Australia,2020,The Weeknd,98891500,-25.2744,133.7751
45,Australia,2021,Olivia Rodrigo,207123491,-25.2744,133.7751
46,Australia,2021,The Kid LAROI,142037365,-25.2744,133.7751
47,Australia,2021,Ed Sheeran,135111706,-25.2744,133.7751
48,Australia,2021,Doja Cat,115345909,-25.2744,133.7751
49,Australia,2021,Justin Bieber,114825074,-25.2744,133.7751
50,Austria,2017,Ed Sheeran,16212341,47.5162,14.5501
51,Austria,2017,Imagine Dragons,7281802,47.5162,14.5501
52,Austria,2017,RAF Camora,4054792,47.5162,14.5501
53,Austria,2017,Clean Bandit,3929931,47.5162,14.5501
54,Austria,2017,The Chainsmokers,3817687,47.5162,14.5501
55,Austria,2018,Capital Bra,15817232,47.5162,14.5501
56,Austria,2018,"Bonez MC, RAF Camora",12571665,47.5162,14.5501
57,Austria,2018,RAF Camora,10044341,47.5162,14.5501
58,Austria,2018,Post Malone,9406152,47.5162,14.5501
59,Austria,2018,Drake,7594381,47.5162,14.5501
60,Austria,2019,Capital Bra,23728326,47.5162,14.5501
61,Austria,2019,Billie Eilish,17195886,47.5162,14.5501
62,Austria,2019,MERO,13377857,47.5162,14.5501
63,Austria,2019,"Capital Bra, Samra",13143814,47.5162,14.5501
64,Austria,2019,Apache 207,12817449,47.5162,14.5501
65,Austria,2020,Apache 207,23047929,47.5162,14.5501
66,Austria,2020,Bonez MC,13706601,47.5162,14.5501
67,Austria,2020,Juice WRLD,11166673,47.5162,14.5501
68,Austria,2020,Pop Smoke,9966437,47.5162,14.5501
69,Austria,2020,The Weeknd,9591835,47.5162,14.5501
70,Austria,2021,Olivia Rodrigo,17638631,47.5162,14.5501
71,Austria,2021,Måneskin,13752652,47.5162,14.5501
72,Austria,2021,Lil Nas X,13604889,47.5162,14.5501
73,Austria,2021,Ed Sheeran,12035031,47.5162,14.5501
74,Austria,2021,The Kid LAROI,11483960,47.5162,14.5501
75,Belgium,2017,Ed Sheeran,31398441,50.5039,4.4699
76,Belgium,2017,Clean Bandit,9080988,50.5039,4.4699
77,Belgium,2017,Damso,9079995,50.5039,4.4699
78,Belgium,2017,Imagine Dragons,8364539,50.5039,4.4699
79,Belgium,2017,Boef,6654972,50.5039,4.4699
80,Belgium,2018,XXXTENTACION,21578605,50.5039,4.4699
81,Belgium,2018,Drake,19284669,50.5039,4.4699
82,Belgium,2018,Ed Sheeran,14160587,50.5039,4.4699
83,Belgium,2018,Post Malone,14009960,50.5039,4.4699
84,Belgium,2018,Damso,11044188,50.5039,4.4699
85,Belgium,2019,Billie Eilish,35225886,50.5039,4.4699
86,Belgium,2019,Ed Sheeran,22629399,50.5039,4.4699
87,Belgium,2019,Post Malone,20829465,50.5039,4.4699
88,Belgium,2019,Ariana Grande,19464879,50.5039,4.4699
89,Belgium,2019,Angèle,15944719,50.5039,4.4699
90,Belgium,2020,Billie Eilish,26037696,50.5039,4.4699
91,Belgium,2020,The Weeknd,25151638,50.5039,4.4699
92,Belgium,2020,Dua Lipa,22354952,50.5039,4.4699
93,Belgium,2020,Pop Smoke,20261690,50.5039,4.4699
94,Belgium,2020,Lewis Capaldi,19679349,50.5039,4.4699
95,Belgium,2021,Olivia Rodrigo,32587224,50.5039,4.4699
96,Belgium,2021,Lil Nas X,23845486,50.5039,4.4699
97,Belgium,2021,Måneskin,23399560,50.5039,4.4699
98,Belgium,2021,The Weeknd,20681267,50.5039,4.4699
99,Belgium,2021,Ed Sheeran,18801546,50.5039,4.4699
100,Bolivia,2017,Piso 21,3154441,-16.2902,-63.5887
101,Bolivia,2017,Ed Sheeran,3008497,-16.2902,-63.5887
102,Bolivia,2017,Maluma,2769386,-16.2902,-63.5887
103,Bolivia,2017,Danny Ocean,2678952,-16.2902,-63.5887
104,Bolivia,2017,Ozuna,2522911,-16.2902,-63.5887
105,Bolivia,2018,Piso 21,5119909,-16.2902,-63.5887
106,Bolivia,2018,Maluma,4755297,-16.2902,-63.5887
107,Bolivia,2018,Bad Bunny,3872262,-16.2902,-63.5887
108,Bolivia,2018,Danny Ocean,3384418,-16.2902,-63.5887
109,Bolivia,2018,Manuel Turizo,3231669,-16.2902,-63.5887
110,Bolivia,2019,Paulo Londra,8434747,-16.2902,-63.5887
111,Bolivia,2019,Maluma,6747773,-16.2902,-63.5887
112,Bolivia,2019,Bad Bunny,4651051,-16.2902,-63.5887
113,Bolivia,2019,"J Balvin, Bad Bunny",4501247,-16.2902,-63.5887
114,Bolivia,2019,"Mau y Ricky, Manuel Turizo, Camilo",3442067,-16.2902,-63.5887
115,Bolivia,2020,Bad Bunny,13816064,-16.2902,-63.5887
116,Bolivia,2020,J Balvin,11213892,-16.2902,-63.5887
117,Bolivia,2020,Maluma,9519808,-16.2902,-63.5887
118,Bolivia,2020,Camilo,9212796,-16.2902,-63.5887
119,Bolivia,2020,Christian Nodal,7602448,-16.2902,-63.5887
120,Bolivia,2021,Bad Bunny,14467232,-16.2902,-63.5887
121,Bolivia,2021,Rauw Alejandro,10398891,-16.2902,-63.5887
122,Bolivia,2021,Maluma,9540745,-16.2902,-63.5887
123,Bolivia,2021,KAROL G,8325699,-16.2902,-63.5887
124,Bolivia,2021,Christian Nodal,8015245,-16.2902,-63.5887
125,Brazil,2017,Matheus & Kauan,249835775,-14.235,-51.9253
126,Brazil,2017,Jorge & Mateus,229768346,-14.235,-51.9253
127,Brazil,2017,Henrique & Juliano,229395485,-14.235,-51.9253
128,Brazil,2017,Marília Mendonça,199386847,-14.235,-51.9253
129,Brazil,2017,Ed Sheeran,179064132,-14.235,-51.9253
130,Brazil,2018,Zé Neto & Cristiano,512854206,-14.235,-51.9253
131,Brazil,2018,Jorge & Mateus,336851829,-14.235,-51.9253
132,Brazil,2018,Marília Mendonça,241507880,-14.235,-51.9253
133,Brazil,2018,Henrique & Juliano,210183652,-14.235,-51.9253
134,Brazil,2018,Gusttavo Lima,196707818,-14.235,-51.9253
135,Brazil,2019,Marília Mendonça,699548604,-14.235,-51.9253
136,Brazil,2019,Zé Neto & Cristiano,461314291,-14.235,-51.9253
137,Brazil,2019,Gusttavo Lima,342071508,-14.235,-51.9253
138,Brazil,2019,Diego & Victor Hugo,238137699,-14.235,-51.9253
139,Brazil,2019,Jorge & Mateus,194625491,-14.235,-51.9253
140,Brazil,2020,Henrique & Juliano,512472077,-14.235,-51.9253
141,Brazil,2020,Gusttavo Lima,464254681,-14.235,-51.9253
142,Brazil,2020,Marília Mendonça,431550804,-14.235,-51.9253
143,Brazil,2020,Zé Neto & Cristiano,356574857,-14.235,-51.9253
144,Brazil,2020,Jorge & Mateus,337528612,-14.235,-51.9253
145,Brazil,2021,Gusttavo Lima,470306099,-14.235,-51.9253
146,Brazil,2021,João Gomes,448863177,-14.235,-51.9253
147,Brazil,2021,Henrique & Juliano,417014812,-14.235,-51.9253
148,Brazil,2021,Jorge & Mateus,406920180,-14.235,-51.9253
149,Brazil,2021,Zé Neto & Cristiano,377615651,-14.235,-51.9253
150,Bulgaria,2017,Ed Sheeran,954164,42.7339,25.4858
151,Bulgaria,2017,Kendrick Lamar,402989,42.7339,25.4858
152,Bulgaria,2017,Luis Fonsi,241191,42.7339,25.4858
153,Bulgaria,2017,"The Weeknd, Daft Punk",235654,42.7339,25.4858
154,Bulgaria,2017,DJ Khaled,228401,42.7339,25.4858
155,Bulgaria,2018,V:RGO,103940,42.7339,25.4858
156,Bulgaria,2018,Drake,90924,42.7339,25.4858
157,Bulgaria,2018,Travis Scott,90856,42.7339,25.4858
158,Bulgaria,2018,Ariana Grande,86190,42.7339,25.4858
159,Bulgaria,2018,XXXTENTACION,64087,42.7339,25.4858
160,Bulgaria,2019,Ariana Grande,1374724,42.7339,25.4858
161,Bulgaria,2019,Billie Eilish,1173778,42.7339,25.4858
162,Bulgaria,2019,Ed Sheeran,1080241,42.7339,25.4858
163,Bulgaria,2019,Itzo Hazarta,1071337,42.7339,25.4858
164,Bulgaria,2019,Post Malone,1014225,42.7339,25.4858
165,Bulgaria,2020,Travis Scott,2416711,42.7339,25.4858
166,Bulgaria,2020,Pop Smoke,2153877,42.7339,25.4858
167,Bulgaria,2020,The Weeknd,2093201,42.7339,25.4858
168,Bulgaria,2020,Dua Lipa,1573620,42.7339,25.4858
169,Bulgaria,2020,Billie Eilish,1525539,42.7339,25.4858
170,Bulgaria,2021,Måneskin,3615909,42.7339,25.4858
171,Bulgaria,2021,Lil Nas X,3122605,42.7339,25.4858
172,Bulgaria,2021,Pop Smoke,2998857,42.7339,25.4858
173,Bulgaria,2021,Doja Cat,2943327,42.7339,25.4858
174,Bulgaria,2021,Olivia Rodrigo,2195022,42.7339,25.4858
175,Canada,2017,Ed Sheeran,139984190,56.1304,-106.3468
176,Canada,2017,Drake,112538472,56.1304,-106.3468
177,Canada,2017,Kendrick Lamar,97584947,56.1304,-106.3468
178,Canada,2017,Migos,62058718,56.1304,-106.3468
179,Canada,2017,Future,52456787,56.1304,-106.3468
180,Canada,2018,Drake,237047592,56.1304,-106.3468
181,Canada,2018,Post Malone,211533361,56.1304,-106.3468
182,Canada,2018,XXXTENTACION,148025599,56.1304,-106.3468
183,Canada,2018,Travis Scott,101253238,56.1304,-106.3468
184,Canada,2018,Khalid,73342635,56.1304,-106.3468
185,Canada,2019,Post Malone,211087764,56.1304,-106.3468
186,Canada,2019,Billie Eilish,170416357,56.1304,-106.3468
187,Canada,2019,Ariana Grande,141922242,56.1304,-106.3468
188,Canada,2019,Ed Sheeran,118498049,56.1304,-106.3468
189,Canada,2019,Khalid,101535776,56.1304,-106.3468
190,Canada,2020,Juice WRLD,164658290,56.1304,-106.3468
191,Canada,2020,Pop Smoke,138603142,56.1304,-106.3468
192,Canada,2020,The Weeknd,101336574,56.1304,-106.3468
193,Canada,2020,DaBaby,95104780,56.1304,-106.3468
194,Canada,2020,Drake,93263737,56.1304,-106.3468
195,Canada,2021,Olivia Rodrigo,181984367,56.1304,-106.3468
196,Canada,2021,Drake,160800780,56.1304,-106.3468
197,Canada,2021,Justin Bieber,125999603,56.1304,-106.3468
198,Canada,2021,Doja Cat,99746545,56.1304,-106.3468
199,Canada,2021,Lil Nas X,98467176,56.1304,-106.3468
200,Chile,2017,Ozuna,76630519,-35.6751,-71.543
201,Chile,2017,Ed Sheeran,63215495,-35.6751,-71.543
202,Chile,2017,Maluma,61739897,-35.6751,-71.543
203,Chile,2017,Nicky Jam,47942363,-35.6751,-71.543
204,Chile,2017,Danny Ocean,42986647,-35.6751,-71.543
205,Chile,2018,Ozuna,95097660,-35.6751,-71.543
206,Chile,2018,Bad Bunny,75129006,-35.6751,-71.543
207,Chile,2018,Zion & Lennox,66674727,-35.6751,-71.543
208,Chile,2018,Anuel AA,63301961,-35.6751,-71.543
209,Chile,2018,Piso 21,53881572,-35.6751,-71.543
210,Chile,2019,Bad Bunny,146549804,-35.6751,-71.543
211,Chile,2019,Paulo Londra,125016518,-35.6751,-71.543
212,Chile,2019,Paloma Mami,120909803,-35.6751,-71.543
213,Chile,2019,"J Balvin, Bad Bunny",71714317,-35.6751,-71.543
214,Chile,2019,Cami,54675151,-35.6751,-71.543
215,Chile,2020,Bad Bunny,291329455,-35.6751,-71.543
216,Chile,2020,J Balvin,95545699,-35.6751,-71.543
217,Chile,2020,Myke Towers,88526988,-35.6751,-71.543
218,Chile,2020,Maluma,74984843,-35.6751,-71.543
219,Chile,2020,Camilo,69255823,-35.6751,-71.543
220,Chile,2021,Bad Bunny,208628541,-35.6751,-71.543
221,Chile,2021,Rauw Alejandro,124029367,-35.6751,-71.543
222,Chile,2021,Ak4:20,72362088,-35.6751,-71.543
223,Chile,2021,Myke Towers,68168466,-35.6751,-71.543
224,Chile,2021,Sech,65086322,-35.6751,-71.543
225,Colombia,2017,Ed Sheeran,27244046,4.5709,-74.2973
226,Colombia,2017,Ozuna,26502721,4.5709,-74.2973
227,Colombia,2017,Piso 21,23400846,4.5709,-74.2973
228,Colombia,2017,Nicky Jam,23270856,4.5709,-74.2973
229,Colombia,2017,Danny Ocean,15648448,4.5709,-74.2973
230,Colombia,2018,Ozuna,28143543,4.5709,-74.2973
231,Colombia,2018,Piso 21,25555350,4.5709,-74.2973
232,Colombia,2018,Manuel Turizo,25548344,4.5709,-74.2973
233,Colombia,2018,Bad Bunny,20393626,4.5709,-74.2973
234,Colombia,2018,Zion & Lennox,20214266,4.5709,-74.2973
235,Colombia,2019,"J Balvin, Bad Bunny",26933083,4.5709,-74.2973
236,Colombia,2019,Paulo Londra,26192815,4.5709,-74.2973
237,Colombia,2019,Maluma,24094239,4.5709,-74.2973
238,Colombia,2019,Manuel Turizo,22164542,4.5709,-74.2973
239,Colombia,2019,Bad Bunny,20482599,4.5709,-74.2973
240,Colombia,2020,J Balvin,88638045,4.5709,-74.2973
241,Colombia,2020,Bad Bunny,71010471,4.5709,-74.2973
242,Colombia,2020,Maluma,44037951,4.5709,-74.2973
243,Colombia,2020,Camilo,39029597,4.5709,-74.2973
244,Colombia,2020,Rauw Alejandro,23496122,4.5709,-74.2973
245,Colombia,2021,Bad Bunny,73927748,4.5709,-74.2973
246,Colombia,2021,Feid,48972423,4.5709,-74.2973
247,Colombia,2021,KAROL G,39851312,4.5709,-74.2973
248,Colombia,2021,Rauw Alejandro,39381466,4.5709,-74.2973
249,Colombia,2021,Maluma,34496110,4.5709,-74.2973
250,Costa Rica,2017,Ed Sheeran,19482075,9.7489,-83.7534
251,Costa Rica,2017,Ozuna,9929843,9.7489,-83.7534
252,Costa Rica,2017,Maluma,7494446,9.7489,-83.7534
253,Costa Rica,2017,Danny Ocean,6801877,9.7489,-83.7534
254,Costa Rica,2017,Nicky Jam,6313647,9.7489,-83.7534
255,Costa Rica,2018,Ozuna,16678600,9.7489,-83.7534
256,Costa Rica,2018,Bad Bunny,8704371,9.7489,-83.7534
257,Costa Rica,2018,Ed Sheeran,7810547,9.7489,-83.7534
258,Costa Rica,2018,Piso 21,7709983,9.7489,-83.7534
259,Costa Rica,2018,Drake,6498485,9.7489,-83.7534
260,Costa Rica,2019,Paulo Londra,18623037,9.7489,-83.7534
261,Costa Rica,2019,Bad Bunny,8102229,9.7489,-83.7534
262,Costa Rica,2019,Ed Sheeran,7576154,9.7489,-83.7534
263,Costa Rica,2019,Ozuna,7429004,9.7489,-83.7534
264,Costa Rica,2019,"J Balvin, Bad Bunny",7412937,9.7489,-83.7534
265,Costa Rica,2020,Bad Bunny,28685621,9.7489,-83.7534
266,Costa Rica,2020,J Balvin,21491753,9.7489,-83.7534
267,Costa Rica,2020,Christian Nodal,16487818,9.7489,-83.7534
268,Costa Rica,2020,Camilo,11904996,9.7489,-83.7534
269,Costa Rica,2020,Maluma,10705939,9.7489,-83.7534
270,Costa Rica,2021,Bad Bunny,25528953,9.7489,-83.7534
271,Costa Rica,2021,Christian Nodal,17703347,9.7489,-83.7534
272,Costa Rica,2021,Rauw Alejandro,12265255,9.7489,-83.7534
273,Costa Rica,2021,Olivia Rodrigo,10151392,9.7489,-83.7534
274,Costa Rica,2021,KAROL G,8437149,9.7489,-83.7534
275,Czech Republic,2017,Ed Sheeran,13039265,49.8175,15.4729
276,Czech Republic,2017,Imagine Dragons,8055030,49.8175,15.4729
277,Czech Republic,2017,Linkin Park,3641379,49.8175,15.4729
278,Czech Republic,2017,Clean Bandit,3286460,49.8175,15.4729
279,Czech Republic,2017,Shawn Mendes,2894013,49.8175,15.4729
280,Czech Republic,2018,Imagine Dragons,11895180,49.8175,15.4729
281,Czech Republic,2018,Ed Sheeran,6552516,49.8175,15.4729
282,Czech Republic,2018,Post Malone,5908942,49.8175,15.4729
283,Czech Republic,2018,XXXTENTACION,5840015,49.8175,15.4729
284,Czech Republic,2018,Eminem,4769143,49.8175,15.4729
285,Czech Republic,2019,Billie Eilish,13092481,49.8175,15.4729
286,Czech Republic,2019,Viktor Sheen,11889683,49.8175,15.4729
287,Czech Republic,2019,Ed Sheeran,11688909,49.8175,15.4729
288,Czech Republic,2019,Post Malone,10206325,49.8175,15.4729
289,Czech Republic,2019,Imagine Dragons,10022001,49.8175,15.4729
290,Czech Republic,2020,Viktor Sheen,22542646,49.8175,15.4729
291,Czech Republic,2020,The Weeknd,9345691,49.8175,15.4729
292,Czech Republic,2020,Nik Tendo,9334053,49.8175,15.4729
293,Czech Republic,2020,Ektor,7819691,49.8175,15.4729
294,Czech Republic,2020,Yzomandias,7539087,49.8175,15.4729
295,Czech Republic,2021,Viktor Sheen,22794375,49.8175,15.4729
296,Czech Republic,2021,Olivia Rodrigo,12232026,49.8175,15.4729
297,Czech Republic,2021,Måneskin,11107851,49.8175,15.4729
298,Czech Republic,2021,Yzomandias,10870722,49.8175,15.4729
299,Czech Republic,2021,Lil Nas X,10530414,49.8175,15.4729
300,Denmark,2017,Ed Sheeran,90627195,56.2639,9.5018
301,Denmark,2017,Gilli,45297333,56.2639,9.5018
302,Denmark,2017,KESI,34100633,56.2639,9.5018
303,Denmark,2017,Gulddreng,30588862,56.2639,9.5018
304,Denmark,2017,Molo,24274115,56.2639,9.5018
305,Denmark,2018,Post Malone,44010961,56.2639,9.5018
306,Denmark,2018,XXXTENTACION,39682532,56.2639,9.5018
307,Denmark,2018,Gilli,39409429,56.2639,9.5018
308,Denmark,2018,Drake,35298214,56.2639,9.5018
309,Denmark,2018,KESI,33754719,56.2639,9.5018
310,Denmark,2019,Gilli,62124433,56.2639,9.5018
311,Denmark,2019,Post Malone,43405104,56.2639,9.5018
312,Denmark,2019,Ed Sheeran,42448045,56.2639,9.5018
313,Denmark,2019,Billie Eilish,37577698,56.2639,9.5018
314,Denmark,2019,KESI,31790410,56.2639,9.5018
315,Denmark,2020,"Branco, Gilli",43420232,56.2639,9.5018
316,Denmark,2020,Pop Smoke,34395659,56.2639,9.5018
317,Denmark,2020,Gilli,33400207,56.2639,9.5018
318,Denmark,2020,The Weeknd,32792226,56.2639,9.5018
319,Denmark,2020,Tessa,30027187,56.2639,9.5018
320,Denmark,2021,Justin Bieber,40029178,56.2639,9.5018
321,Denmark,2021,"Benny Jamz, Gilli, KESI, B.O.C",39544578,56.2639,9.5018
322,Denmark,2021,Ed Sheeran,30006993,56.2639,9.5018
323,Denmark,2021,Olivia Rodrigo,28425985,56.2639,9.5018
324,Denmark,2021,The Weeknd,27986532,56.2639,9.5018
325,Dominican Republic,2017,Ozuna,9017341,18.7357,-70.1627
326,Dominican Republic,2017,Ed Sheeran,3901847,18.7357,-70.1627
327,Dominican Republic,2017,Bad Bunny,3738510,18.7357,-70.1627
328,Dominican Republic,2017,Maluma,3314866,18.7357,-70.1627
329,Dominican Republic,2017,Romeo Santos,3245092,18.7357,-70.1627
330,Dominican Republic,2018,Ozuna,9191551,18.7357,-70.1627
331,Dominican Republic,2018,Bad Bunny,9010130,18.7357,-70.1627
332,Dominican Republic,2018,Anuel AA,4543416,18.7357,-70.1627
333,Dominican Republic,2018,Drake,3965387,18.7357,-70.1627
334,Dominican Republic,2018,Maluma,3266329,18.7357,-70.1627
335,Dominican Republic,2019,Bad Bunny,18867285,18.7357,-70.1627
336,Dominican Republic,2019,Ozuna,7053996,18.7357,-70.1627
337,Dominican Republic,2019,"J Balvin, Bad Bunny",6720134,18.7357,-70.1627
338,Dominican Republic,2019,"Bad Bunny, Tainy",3542782,18.7357,-70.1627
339,Dominican Republic,2019,"Jhay Cortez, J Balvin, Bad Bunny",3168039,18.7357,-70.1627
340,Dominican Republic,2020,Bad Bunny,29430386,18.7357,-70.1627
341,Dominican Republic,2020,Myke Towers,9820054,18.7357,-70.1627
342,Dominican Republic,2020,J Balvin,5985456,18.7357,-70.1627
343,Dominican Republic,2020,Camilo,5404580,18.7357,-70.1627
344,Dominican Republic,2020,Rauw Alejandro,4936375,18.7357,-70.1627
345,Dominican Republic,2021,Bad Bunny,23240251,18.7357,-70.1627
346,Dominican Republic,2021,Rauw Alejandro,9715471,18.7357,-70.1627
347,Dominican Republic,2021,Sech,5498201,18.7357,-70.1627
348,Dominican Republic,2021,Myke Towers,5171575,18.7357,-70.1627
349,Dominican Republic,2021,"Bad Bunny, Jhay Cortez",4781522,18.7357,-70.1627
350,Ecuador,2017,Ed Sheeran,10208253,-1.8312,-78.1834
351,Ecuador,2017,Ozuna,8046935,-1.8312,-78.1834
352,Ecuador,2017,Maluma,7735502,-1.8312,-78.1834
353,Ecuador,2017,Nicky Jam,7481486,-1.8312,-78.1834
354,Ecuador,2017,Piso 21,6429727,-1.8312,-78.1834
355,Ecuador,2018,Maluma,9904902,-1.8312,-78.1834
356,Ecuador,2018,Piso 21,9069679,-1.8312,-78.1834
357,Ecuador,2018,Ozuna,8397766,-1.8312,-78.1834
358,Ecuador,2018,Bad Bunny,8395003,-1.8312,-78.1834
359,Ecuador,2018,Manuel Turizo,7648899,-1.8312,-78.1834
360,Ecuador,2019,Paulo Londra,19309662,-1.8312,-78.1834
361,Ecuador,2019,Maluma,13397407,-1.8312,-78.1834
362,Ecuador,2019,"J Balvin, Bad Bunny",11904113,-1.8312,-78.1834
363,Ecuador,2019,Bad Bunny,10584296,-1.8312,-78.1834
364,Ecuador,2019,"Sech, Darell",7809622,-1.8312,-78.1834
365,Ecuador,2020,Bad Bunny,44352512,-1.8312,-78.1834
366,Ecuador,2020,J Balvin,28696746,-1.8312,-78.1834
367,Ecuador,2020,Maluma,20117507,-1.8312,-78.1834
368,Ecuador,2020,Camilo,19321865,-1.8312,-78.1834
369,Ecuador,2020,Rauw Alejandro,10705965,-1.8312,-78.1834
370,Ecuador,2021,Bad Bunny,46654297,-1.8312,-78.1834
371,Ecuador,2021,Rauw Alejandro,20904743,-1.8312,-78.1834
372,Ecuador,2021,Maluma,15027271,-1.8312,-78.1834
373,Ecuador,2021,KAROL G,13885625,-1.8312,-78.1834
374,Ecuador,2021,Sech,12423917,-1.8312,-78.1834
375,Egypt,2019,Amr Diab,1081567,26.8206,30.8025
376,Egypt,2019,Marwan Pablo,655797,26.8206,30.8025
377,Egypt,2019,Post Malone,465936,26.8206,30.8025
378,Egypt,2019,Billie Eilish,453404,26.8206,30.8025
379,Egypt,2019,Wegz,435770,26.8206,30.8025
380,Egypt,2020,Wegz,13666844,26.8206,30.8025
381,Egypt,2020,Amr Diab,4686012,26.8206,30.8025
382,Egypt,2020,Marwan Moussa,4543400,26.8206,30.8025
383,Egypt,2020,Marwan Pablo,4215067,26.8206,30.8025
384,Egypt,2020,Billie Eilish,2801494,26.8206,30.8025
385,Egypt,2021,Wegz,17346980,26.8206,30.8025
386,Egypt,2021,Marwan Pablo,12568943,26.8206,30.8025
387,Egypt,2021,Marwan Moussa,8082914,26.8206,30.8025
388,Egypt,2021,Lege-Cy,6254727,26.8206,30.8025
389,Egypt,2021,Abyusif,4409320,26.8206,30.8025
390,El Salvador,2017,Ozuna,2818956,13.7942,-88.8965
391,El Salvador,2017,Ed Sheeran,2812151,13.7942,-88.8965
392,El Salvador,2017,Danny Ocean,2027966,13.7942,-88.8965
393,El Salvador,2017,Maluma,1871582,13.7942,-88.8965
394,El Salvador,2017,Nicky Jam,1655962,13.7942,-88.8965
395,El Salvador,2018,Bad Bunny,3654410,13.7942,-88.8965
396,El Salvador,2018,Ozuna,3189911,13.7942,-88.8965
397,El Salvador,2018,Zion & Lennox,2390696,13.7942,-88.8965
398,El Salvador,2018,Piso 21,2375297,13.7942,-88.8965
399,El Salvador,2018,Danny Ocean,2348126,13.7942,-88.8965
400,El Salvador,2019,Bad Bunny,6247655,13.7942,-88.8965
401,El Salvador,2019,Paulo Londra,5381681,13.7942,-88.8965
402,El Salvador,2019,"J Balvin, Bad Bunny",4098676,13.7942,-88.8965
403,El Salvador,2019,Maluma,3679824,13.7942,-88.8965
404,El Salvador,2019,"Bad Bunny, Tainy",2812188,13.7942,-88.8965
405,El Salvador,2020,Bad Bunny,22775722,13.7942,-88.8965
406,El Salvador,2020,J Balvin,9495742,13.7942,-88.8965
407,El Salvador,2020,Maluma,6394997,13.7942,-88.8965
408,El Salvador,2020,Camilo,5982787,13.7942,-88.8965
409,El Salvador,2020,Rauw Alejandro,4084225,13.7942,-88.8965
410,El Salvador,2021,Bad Bunny,25393495,13.7942,-88.8965
411,El Salvador,2021,Rauw Alejandro,9577749,13.7942,-88.8965
412,El Salvador,2021,"Bad Bunny, Jhay Cortez",5718636,13.7942,-88.8965
413,El Salvador,2021,KAROL G,5504049,13.7942,-88.8965
414,El Salvador,2021,Maluma,5340949,13.7942,-88.8965
415,Estonia,2017,Ed Sheeran,1840865,58.5953,25.0136
416,Estonia,2017,Imagine Dragons,689846,58.5953,25.0136
417,Estonia,2017,Kendrick Lamar,604190,58.5953,25.0136
418,Estonia,2017,Clean Bandit,479656,58.5953,25.0136
419,Estonia,2017,"Calvin Harris, Funk Wav",390104,58.5953,25.0136
420,Estonia,2018,XXXTENTACION,1364381,58.5953,25.0136
421,Estonia,2018,nublu,1329158,58.5953,25.0136
422,Estonia,2018,Post Malone,1186375,58.5953,25.0136
423,Estonia,2018,Drake,911902,58.5953,25.0136
424,Estonia,2018,"nublu, Reket",802214,58.5953,25.0136
425,Estonia,2019,Billie Eilish,3122677,58.5953,25.0136
426,Estonia,2019,nublu,2185923,58.5953,25.0136
427,Estonia,2019,Post Malone,1685393,58.5953,25.0136
428,Estonia,2019,Ed Sheeran,1647753,58.5953,25.0136
429,Estonia,2019,Ariana Grande,1498402,58.5953,25.0136
430,Estonia,2020,nublu,3521804,58.5953,25.0136
431,Estonia,2020,The Weeknd,1920880,58.5953,25.0136
432,Estonia,2020,Billie Eilish,1419683,58.5953,25.0136
433,Estonia,2020,Juice WRLD,1384001,58.5953,25.0136
434,Estonia,2020,Harry Styles,1076386,58.5953,25.0136
435,Estonia,2021,Måneskin,3210976,58.5953,25.0136
436,Estonia,2021,Lil Nas X,2060778,58.5953,25.0136
437,Estonia,2021,Doja Cat,1890446,58.5953,25.0136
438,Estonia,2021,Olivia Rodrigo,1825955,58.5953,25.0136
439,Estonia,2021,The Weeknd,1600196,58.5953,25.0136
440,Finland,2017,JVG,45436735,61.9241,25.7482
441,Finland,2017,Antti Tuisku,35468199,61.9241,25.7482
442,Finland,2017,Ed Sheeran,34847671,61.9241,25.7482
443,Finland,2017,Haloo Helsinki!,26650971,61.9241,25.7482
444,Finland,2017,"Profeetat, Cheek, Elastinen",20102391,61.9241,25.7482
445,Finland,2018,XXXTENTACION,24112190,61.9241,25.7482
446,Finland,2018,JVG,21879807,61.9241,25.7482
447,Finland,2018,Post Malone,21662789,61.9241,25.7482
448,Finland,2018,Evelina,21562836,61.9241,25.7482
449,Finland,2018,SANNI,19813803,61.9241,25.7482
450,Finland,2019,JVG,49036400,61.9241,25.7482
451,Finland,2019,Billie Eilish,31575179,61.9241,25.7482
452,Finland,2019,Ed Sheeran,25555049,61.9241,25.7482
453,Finland,2019,Post Malone,24402121,61.9241,25.7482
454,Finland,2019,Gettomasa,22907031,61.9241,25.7482
455,Finland,2020,BEHM,43650334,61.9241,25.7482
456,Finland,2020,william,24549565,61.9241,25.7482
457,Finland,2020,JVG,23429923,61.9241,25.7482
458,Finland,2020,The Weeknd,20719137,61.9241,25.7482
459,Finland,2020,Pyhimys,19665461,61.9241,25.7482
460,Finland,2021,Måneskin,30546524,61.9241,25.7482
461,Finland,2021,BEHM,23000746,61.9241,25.7482
462,Finland,2021,Haloo Helsinki!,21321537,61.9241,25.7482
463,Finland,2021,Olivia Rodrigo,16353520,61.9241,25.7482
464,Finland,2021,The Weeknd,15447806,61.9241,25.7482
465,France,2017,Damso,151413618,46.6034,1.8883
466,France,2017,Niska,134044151,46.6034,1.8883
467,France,2017,Ninho,107643389,46.6034,1.8883
468,France,2017,Orelsan,90986609,46.6034,1.8883
469,France,2017,PNL,85873980,46.6034,1.8883
470,France,2018,Damso,201889083,46.6034,1.8883
471,France,2018,Ninho,134976456,46.6034,1.8883
472,France,2018,Aya Nakamura,96838837,46.6034,1.8883
473,France,2018,Dadju,80023016,46.6034,1.8883
474,France,2018,Koba LaD,79629396,46.6034,1.8883
475,France,2019,Ninho,358363796,46.6034,1.8883
476,France,2019,PNL,294433424,46.6034,1.8883
477,France,2019,Nekfeu,142490262,46.6034,1.8883
478,France,2019,Niska,127850043,46.6034,1.8883
479,France,2019,Aya Nakamura,111346474,46.6034,1.8883
480,France,2020,Ninho,314215272,46.6034,1.8883
481,France,2020,PLK,149911266,46.6034,1.8883
482,France,2020,Jul,128498769,46.6034,1.8883
483,France,2020,Gambi,116649252,46.6034,1.8883
484,France,2020,Aya Nakamura,112870614,46.6034,1.8883
485,France,2021,SCH,144118552,46.6034,1.8883
486,France,2021,Damso,132204611,46.6034,1.8883
487,France,2021,Jul,124674800,46.6034,1.8883
488,France,2021,OBOY,117848718,46.6034,1.8883
489,France,2021,Ninho,111092856,46.6034,1.8883
490,Germany,2017,Ed Sheeran,250690656,51.1657,10.4515
491,Germany,2017,Imagine Dragons,95763926,51.1657,10.4515
492,Germany,2017,"Bonez MC, RAF Camora",68105962,51.1657,10.4515
493,Germany,2017,Jason Derulo,63948736,51.1657,10.4515
494,Germany,2017,Clean Bandit,63334520,51.1657,10.4515
495,Germany,2018,Capital Bra,274176555,51.1657,10.4515
496,Germany,2018,"Bonez MC, RAF Camora",162268126,51.1657,10.4515
497,Germany,2018,Drake,131996754,51.1657,10.4515
498,Germany,2018,Post Malone,122370661,51.1657,10.4515
499,Germany,2018,XXXTENTACION,101490353,51.1657,10.4515
500,Germany,2019,Apache 207,393939900,51.1657,10.4515
501,Germany,2019,Capital Bra,328568492,51.1657,10.4515
502,Germany,2019,MERO,224719718,51.1657,10.4515
503,Germany,2019,"Capital Bra, Samra",190786565,51.1657,10.4515
504,Germany,2019,Summer Cem,169833732,51.1657,10.4515
505,Germany,2020,Apache 207,541632541,51.1657,10.4515
506,Germany,2020,Bonez MC,213623576,51.1657,10.4515
507,Germany,2020,Samra,181057453,51.1657,10.4515
508,Germany,2020,The Weeknd,142675268,51.1657,10.4515
509,Germany,2020,Luciano,137304462,51.1657,10.4515
510,Germany,2021,Olivia Rodrigo,146756408,51.1657,10.4515
511,Germany,2021,Apache 207,138292002,51.1657,10.4515
512,Germany,2021,Lil Nas X,127931869,51.1657,10.4515
513,Germany,2021,Måneskin,125287182,51.1657,10.4515
514,Germany,2021,The Weeknd,116913406,51.1657,10.4515
515,Global,2017,Ed Sheeran,4526988042,,
516,Global,2017,Kendrick Lamar,1780347270,,
517,Global,2017,Drake,1361655753,,
518,Global,2017,Imagine Dragons,1149847381,,
519,Global,2017,Clean Bandit,1043145461,,
520,Global,2018,Drake,3699735767,,
521,Global,2018,Post Malone,3593382199,,
522,Global,2018,XXXTENTACION,3476900157,,
523,Global,2018,Ed Sheeran,1843401689,,
524,Global,2018,Ariana Grande,1712529440,,
525,Global,2019,Billie Eilish,4307617660,,
526,Global,2019,Post Malone,3832518003,,
527,Global,2019,Ariana Grande,3359017780,,
528,Global,2019,Ed Sheeran,3118912731,,
529,Global,2019,Lil Nas X,1376412319,,
530,Global,2020,Juice WRLD,2646394526,,
531,Global,2020,The Weeknd,2584034546,,
532,Global,2020,Billie Eilish,2567696633,,
533,Global,2020,Dua Lipa,2154795044,,
534,Global,2020,Harry Styles,1976688397,,
535,Global,2021,Olivia Rodrigo,4995366282,,
536,Global,2021,Doja Cat,2738570054,,
537,Global,2021,The Weeknd,2637264224,,
538,Global,2021,Lil Nas X,2492471969,,
539,Global,2021,Justin Bieber,2387214347,,
540,Greece,2017,Ed Sheeran,3190910,39.0742,21.8243
541,Greece,2017,Imagine Dragons,1407999,39.0742,21.8243
542,Greece,2017,Kendrick Lamar,1394617,39.0742,21.8243
543,Greece,2017,DJ Khaled,1068081,39.0742,21.8243
544,Greece,2017,Clean Bandit,1034280,39.0742,21.8243
545,Greece,2018,Drake,4903320,39.0742,21.8243
546,Greece,2018,XXXTENTACION,3418605,39.0742,21.8243
547,Greece,2018,Ariana Grande,3309347,39.0742,21.8243
548,Greece,2018,Eminem,2707117,39.0742,21.8243
549,Greece,2018,Post Malone,2603240,39.0742,21.8243
550,Greece,2019,TOQUEL,10031213,39.0742,21.8243
551,Greece,2019,Billie Eilish,8094444,39.0742,21.8243
552,Greece,2019,Light,7606698,39.0742,21.8243
553,Greece,2019,Ariana Grande,7288994,39.0742,21.8243
554,Greece,2019,Sin Boy,6970037,39.0742,21.8243
555,Greece,2020,SNIK,21905193,39.0742,21.8243
556,Greece,2020,Pop Smoke,10541290,39.0742,21.8243
557,Greece,2020,Mad Clip,9864633,39.0742,21.8243
558,Greece,2020,Travis Scott,7693950,39.0742,21.8243
559,Greece,2020,The Weeknd,7154200,39.0742,21.8243
560,Greece,2021,"Light, Hawk",22516420,39.0742,21.8243
561,Greece,2021,Light,20112930,39.0742,21.8243
562,Greece,2021,Mad Clip,13952335,39.0742,21.8243
563,Greece,2021,SNIK,13018291,39.0742,21.8243
564,Greece,2021,Måneskin,11585521,39.0742,21.8243
565,Guatemala,2017,Ozuna,6118531,15.7835,-90.2308
566,Guatemala,2017,Ed Sheeran,4986688,15.7835,-90.2308
567,Guatemala,2017,Maluma,4064908,15.7835,-90.2308
568,Guatemala,2017,Nicky Jam,4061733,15.7835,-90.2308
569,Guatemala,2017,Danny Ocean,3604185,15.7835,-90.2308
570,Guatemala,2018,Ozuna,6979145,15.7835,-90.2308
571,Guatemala,2018,Bad Bunny,6615034,15.7835,-90.2308
572,Guatemala,2018,Piso 21,5596440,15.7835,-90.2308
573,Guatemala,2018,Maluma,4912457,15.7835,-90.2308
574,Guatemala,2018,Danny Ocean,4700115,15.7835,-90.2308
575,Guatemala,2019,Paulo Londra,12590436,15.7835,-90.2308
576,Guatemala,2019,Bad Bunny,11847384,15.7835,-90.2308
577,Guatemala,2019,"J Balvin, Bad Bunny",8734142,15.7835,-90.2308
578,Guatemala,2019,Maluma,7555062,15.7835,-90.2308
579,Guatemala,2019,"Bad Bunny, Tainy",5776668,15.7835,-90.2308
580,Guatemala,2020,Bad Bunny,42306214,15.7835,-90.2308
581,Guatemala,2020,Christian Nodal,24546412,15.7835,-90.2308
582,Guatemala,2020,J Balvin,20956851,15.7835,-90.2308
583,Guatemala,2020,Camilo,13373086,15.7835,-90.2308
584,Guatemala,2020,Maluma,13175471,15.7835,-90.2308
585,Guatemala,2021,Bad Bunny,43494461,15.7835,-90.2308
586,Guatemala,2021,Christian Nodal,23151838,15.7835,-90.2308
587,Guatemala,2021,Rauw Alejandro,16537094,15.7835,-90.2308
588,Guatemala,2021,KAROL G,11837805,15.7835,-90.2308
589,Guatemala,2021,Maluma,11791914,15.7835,-90.2308
590,Honduras,2017,Ed Sheeran,3493198,15.2,-86.2419
591,Honduras,2017,Ozuna,3425974,15.2,-86.2419
592,Honduras,2017,Danny Ocean,2228584,15.2,-86.2419
593,Honduras,2017,Maluma,2145371,15.2,-86.2419
594,Honduras,2017,Nicky Jam,2138452,15.2,-86.2419
595,Honduras,2018,Bad Bunny,4063876,15.2,-86.2419
596,Honduras,2018,Ozuna,2642469,15.2,-86.2419
597,Honduras,2018,Danny Ocean,2094895,15.2,-86.2419
598,Honduras,2018,Zion & Lennox,2018952,15.2,-86.2419
599,Honduras,2018,Drake,1950433,15.2,-86.2419
600,Honduras,2019,Bad Bunny,7433989,15.2,-86.2419
601,Honduras,2019,"J Balvin, Bad Bunny",4593101,15.2,-86.2419
602,Honduras,2019,Paulo Londra,3561624,15.2,-86.2419
603,Honduras,2019,"Bad Bunny, Tainy",2587708,15.2,-86.2419
604,Honduras,2019,Maluma,2471371,15.2,-86.2419
605,Honduras,2020,Bad Bunny,22460879,15.2,-86.2419
606,Honduras,2020,J Balvin,7291063,15.2,-86.2419
607,Honduras,2020,Christian Nodal,5902104,15.2,-86.2419
608,Honduras,2020,Maluma,4208603,15.2,-86.2419
609,Honduras,2020,Myke Towers,4095527,15.2,-86.2419
610,Honduras,2021,Bad Bunny,22708351,15.2,-86.2419
611,Honduras,2021,Rauw Alejandro,5880562,15.2,-86.2419
612,Honduras,2021,Christian Nodal,4635405,15.2,-86.2419
613,Honduras,2021,"Bad Bunny, Jhay Cortez",4298765,15.2,-86.2419
614,Honduras,2021,Olivia Rodrigo,4028264,15.2,-86.2419
615,Hong Kong,2017,Ed Sheeran,15075796,22.3193,114.1694
616,Hong Kong,2017,Dear Jane,6842154,22.3193,114.1694
617,Hong Kong,2017,Charlie Puth,6148791,22.3193,114.1694
618,Hong Kong,2017,Jason Chan,5216972,22.3193,114.1694
619,Hong Kong,2017,The Chainsmokers,4778301,22.3193,114.1694
620,Hong Kong,2018,Ed Sheeran,7941244,22.3193,114.1694
621,Hong Kong,2018,Hins Cheung,6191643,22.3193,114.1694
622,Hong Kong,2018,Jay Chou,5936294,22.3193,114.1694
623,Hong Kong,2018,Ariana Grande,5623078,22.3193,114.1694
624,Hong Kong,2018,Charlie Puth,5490268,22.3193,114.1694
625,Hong Kong,2019,Ed Sheeran,13633470,22.3193,114.1694
626,Hong Kong,2019,Hins Cheung,10852271,22.3193,114.1694
627,Hong Kong,2019,Ariana Grande,10838479,22.3193,114.1694
628,Hong Kong,2019,Billie Eilish,9437809,22.3193,114.1694
629,Hong Kong,2019,Taylor Swift,6914211,22.3193,114.1694
630,Hong Kong,2020,Dear Jane,13249456,22.3193,114.1694
631,Hong Kong,2020,BLACKPINK,11590755,22.3193,114.1694
632,Hong Kong,2020,Eason Chan,8964524,22.3193,114.1694
633,Hong Kong,2020,BTS,7935989,22.3193,114.1694
634,Hong Kong,2020,Hins Cheung,7268391,22.3193,114.1694
635,Hong Kong,2021,Terence Lam,27812886,22.3193,114.1694
636,Hong Kong,2021,Dear Jane,19918002,22.3193,114.1694
637,Hong Kong,2021,陳卓賢 Ian,13850011,22.3193,114.1694
638,Hong Kong,2021,Jer 柳應廷,11541998,22.3193,114.1694
639,Hong Kong,2021,Hins Cheung,11084814,22.3193,114.1694
640,Hungary,2017,Ed Sheeran,8018808,47.1625,19.5033
641,Hungary,2017,Imagine Dragons,5120180,47.1625,19.5033
642,Hungary,2017,Clean Bandit,3048555,47.1625,19.5033
643,Hungary,2017,Kygo,2069982,47.1625,19.5033
644,Hungary,2017,Charlie Puth,1965787,47.1625,19.5033
645,Hungary,2018,Imagine Dragons,6009658,47.1625,19.5033
646,Hungary,2018,XXXTENTACION,4417081,47.1625,19.5033
647,Hungary,2018,Eminem,4330258,47.1625,19.5033
648,Hungary,2018,Post Malone,4287362,47.1625,19.5033
649,Hungary,2018,Drake,3621073,47.1625,19.5033
650,Hungary,2019,Billie Eilish,12727243,47.1625,19.5033
651,Hungary,2019,Post Malone,10407713,47.1625,19.5033
652,Hungary,2019,Follow The Flow,8797935,47.1625,19.5033
653,Hungary,2019,Ed Sheeran,7762148,47.1625,19.5033
654,Hungary,2019,Ariana Grande,7182210,47.1625,19.5033
655,Hungary,2020,Follow The Flow,8825426,47.1625,19.5033
656,Hungary,2020,Billie Eilish,8671069,47.1625,19.5033
657,Hungary,2020,Dua Lipa,8566892,47.1625,19.5033
658,Hungary,2020,Juice WRLD,7823398,47.1625,19.5033
659,Hungary,2020,Ava Max,7777915,47.1625,19.5033
660,Hungary,2021,"Azahriah, DESH",10462716,47.1625,19.5033
661,Hungary,2021,Lil Nas X,9918741,47.1625,19.5033
662,Hungary,2021,Olivia Rodrigo,9517954,47.1625,19.5033
663,Hungary,2021,Dua Lipa,9369004,47.1625,19.5033
664,Hungary,2021,Måneskin,8610340,47.1625,19.5033
665,Iceland,2017,Aron Can,4449255,64.9631,-19.0208
666,Iceland,2017,Ed Sheeran,3492234,64.9631,-19.0208
667,Iceland,2017,"JóiPé, Króli",3479278,64.9631,-19.0208
668,Iceland,2017,Floni,1858781,64.9631,-19.0208
669,Iceland,2017,Kendrick Lamar,1653913,64.9631,-19.0208
670,Iceland,2018,"JóiPé, Króli",7896755,64.9631,-19.0208
671,Iceland,2018,Drake,3564237,64.9631,-19.0208
672,Iceland,2018,XXXTENTACION,3476365,64.9631,-19.0208
673,Iceland,2018,Post Malone,3302989,64.9631,-19.0208
674,Iceland,2018,Floni,3165333,64.9631,-19.0208
675,Iceland,2019,Billie Eilish,6995423,64.9631,-19.0208
676,Iceland,2019,Ed Sheeran,3502805,64.9631,-19.0208
677,Iceland,2019,Post Malone,3415302,64.9631,-19.0208
678,Iceland,2019,Herra Hnetusmjör,3290043,64.9631,-19.0208
679,Iceland,2019,Floni,3265929,64.9631,-19.0208
680,Iceland,2020,Pop Smoke,4799059,64.9631,-19.0208
681,Iceland,2020,BRÍET,4777754,64.9631,-19.0208
682,Iceland,2020,Hafdís Huld,3779232,64.9631,-19.0208
683,Iceland,2020,The Weeknd,3484788,64.9631,-19.0208
684,Iceland,2020,Billie Eilish,2617795,64.9631,-19.0208
685,Iceland,2021,Hafdís Huld,6928800,64.9631,-19.0208
686,Iceland,2021,BRÍET,3503614,64.9631,-19.0208
687,Iceland,2021,Birnir,3106543,64.9631,-19.0208
688,Iceland,2021,Olivia Rodrigo,3020177,64.9631,-19.0208
689,Iceland,2021,Bubbi Morthens,2561797,64.9631,-19.0208
690,India,2019,Post Malone,33804506,20.5937,78.9629
691,India,2019,"Shawn Mendes, Camila Cabello",24224127,20.5937,78.9629
692,India,2019,"Arijit Singh, Mithoon",21425900,20.5937,78.9629
693,India,2019,Arijit Singh,20403235,20.5937,78.9629
694,India,2019,Billie Eilish,19401005,20.5937,78.9629
695,India,2020,"Pritam, Arijit Singh",100433531,20.5937,78.9629
696,India,2020,BTS,88661485,20.5937,78.9629
697,India,2020,Ritviz,63933539,20.5937,78.9629
698,India,2020,Arijit Singh,61915619,20.5937,78.9629
699,India,2020,Justin Bieber,58830225,20.5937,78.9629
700,India,2021,BTS,170732233,20.5937,78.9629
701,India,2021,"Pritam, Arijit Singh",139099142,20.5937,78.9629
702,India,2021,Arijit Singh,92384027,20.5937,78.9629
703,India,2021,"Tanishk Bagchi, Jubin Nautiyal, Asees Kaur",82086968,20.5937,78.9629
704,India,2021,Lil Nas X,72129619,20.5937,78.9629
705,Indonesia,2017,Ed Sheeran,64286517,-0.7893,113.9213
706,Indonesia,2017,Payung Teduh,30628554,-0.7893,113.9213
707,Indonesia,2017,Bruno Mars,30567625,-0.7893,113.9213
708,Indonesia,2017,Charlie Puth,24598219,-0.7893,113.9213
709,Indonesia,2017,Clean Bandit,24550446,-0.7893,113.9213
710,Indonesia,2018,BLACKPINK,45794364,-0.7893,113.9213
711,Indonesia,2018,Ed Sheeran,45439843,-0.7893,113.9213
712,Indonesia,2018,Fourtwnty,42106928,-0.7893,113.9213
713,Indonesia,2018,Sheila On 7,35351668,-0.7893,113.9213
714,Indonesia,2018,Maroon 5,28732822,-0.7893,113.9213
715,Indonesia,2019,Andmesh,117645574,-0.7893,113.9213
716,Indonesia,2019,Ed Sheeran,97274869,-0.7893,113.9213
717,Indonesia,2019,Fiersa Besari,96724067,-0.7893,113.9213
718,Indonesia,2019,Ariana Grande,80362062,-0.7893,113.9213
719,Indonesia,2019,BLACKPINK,61807487,-0.7893,113.9213
720,Indonesia,2020,Pamungkas,205848038,-0.7893,113.9213
721,Indonesia,2020,BTS,137728746,-0.7893,113.9213
722,Indonesia,2020,Andmesh,110085113,-0.7893,113.9213
723,Indonesia,2020,Fiersa Besari,105772722,-0.7893,113.9213
724,Indonesia,2020,Hindia,104002679,-0.7893,113.9213
725,Indonesia,2021,Pamungkas,214087268,-0.7893,113.9213
726,Indonesia,2021,Olivia Rodrigo,204061287,-0.7893,113.9213
727,Indonesia,2021,BTS,140118221,-0.7893,113.9213
728,Indonesia,2021,Nadin Amizah,78001948,-0.7893,113.9213
729,Indonesia,2021,Ariana Grande,75993722,-0.7893,113.9213
730,Ireland,2017,Ed Sheeran,58882772,53.4129,-8.2439
731,Ireland,2017,Clean Bandit,10885707,53.4129,-8.2439
732,Ireland,2017,Picture This,10458708,53.4129,-8.2439
733,Ireland,2017,Dua Lipa,9976910,53.4129,-8.2439
734,Ireland,2017,Drake,9814310,53.4129,-8.2439
735,Ireland,2018,Drake,30350041,53.4129,-8.2439
736,Ireland,2018,Post Malone,30116975,53.4129,-8.2439
737,Ireland,2018,Ariana Grande,21269614,53.4129,-8.2439
738,Ireland,2018,XXXTENTACION,18910074,53.4129,-8.2439
739,Ireland,2018,George Ezra,18057877,53.4129,-8.2439
740,Ireland,2019,Lewis Capaldi,51679109,53.4129,-8.2439
741,Ireland,2019,Billie Eilish,41149393,53.4129,-8.2439
742,Ireland,2019,Ariana Grande,33634245,53.4129,-8.2439
743,Ireland,2019,Post Malone,32711866,53.4129,-8.2439
744,Ireland,2019,Ed Sheeran,31270958,53.4129,-8.2439
745,Ireland,2020,Dermot Kennedy,27862276,53.4129,-8.2439
746,Ireland,2020,Lewis Capaldi,26944394,53.4129,-8.2439
747,Ireland,2020,Juice WRLD,25607078,53.4129,-8.2439
748,Ireland,2020,Harry Styles,23130216,53.4129,-8.2439
749,Ireland,2020,Dua Lipa,22568674,53.4129,-8.2439
750,Ireland,2021,Olivia Rodrigo,51111349,53.4129,-8.2439
751,Ireland,2021,Ed Sheeran,26065780,53.4129,-8.2439
752,Ireland,2021,Dermot Kennedy,20233655,53.4129,-8.2439
753,Ireland,2021,Doja Cat,19135338,53.4129,-8.2439
754,Ireland,2021,Lil Nas X,18011371,53.4129,-8.2439
755,Israel,2018,Omer Adam,5381697,31.0461,34.8516
756,Israel,2018,Drake,4295277,31.0461,34.8516
757,Israel,2018,XXXTENTACION,2387596,31.0461,34.8516
758,Israel,2018,Post Malone,2369653,31.0461,34.8516
759,Israel,2018,Ariana Grande,2281976,31.0461,34.8516
760,Israel,2019,Eden Hason,17289927,31.0461,34.8516
761,Israel,2019,Omer Adam,11945235,31.0461,34.8516
762,Israel,2019,Ishay Ribo,7604236,31.0461,34.8516
763,Israel,2019,Billie Eilish,7382679,31.0461,34.8516
764,Israel,2019,Ariana Grande,6773184,31.0461,34.8516
765,Israel,2020,Eden Hason,20545751,31.0461,34.8516
766,Israel,2020,Hanan Ben Ari,12814525,31.0461,34.8516
767,Israel,2020,Omer Adam,10734227,31.0461,34.8516
768,Israel,2020,Ishay Ribo,9500597,31.0461,34.8516
769,Israel,2020,Itay Levi,8612731,31.0461,34.8516
770,Israel,2021,Eden Hason,21775150,31.0461,34.8516
771,Israel,2021,Omer Adam,17552658,31.0461,34.8516
772,Israel,2021,Hanan Ben Ari,12644812,31.0461,34.8516
773,Israel,2021,Raviv Kaner,11683675,31.0461,34.8516
774,Israel,2021,Lil Nas X,10249666,31.0461,34.8516
775,Italy,2017,Ed Sheeran,100332420,41.8719,12.5674
776,Italy,2017,Ghali,95554501,41.8719,12.5674
777,Italy,2017,"J-AX, Fedez",62874895,41.8719,12.5674
778,Italy,2017,Coez,58975900,41.8719,12.5674
779,Italy,2017,Sfera Ebbasta,50491145,41.8719,12.5674
780,Italy,2018,Sfera Ebbasta,325552128,41.8719,12.5674
781,Italy,2018,Capo Plaza,209329350,41.8719,12.5674
782,Italy,2018,Salmo,183047445,41.8719,12.5674
783,Italy,2018,Gemitaiz,143236156,41.8719,12.5674
784,Italy,2018,Ultimo,114434542,41.8719,12.5674
785,Italy,2019,Ultimo,314703489,41.8719,12.5674
786,Italy,2019,tha Supreme,226962350,41.8719,12.5674
787,Italy,2019,Salmo,205930913,41.8719,12.5674
788,Italy,2019,Coez,142003959,41.8719,12.5674
789,Italy,2019,Marracash,133018002,41.8719,12.5674
790,Italy,2020,tha Supreme,177484268,41.8719,12.5674
791,Italy,2020,Ghali,161604567,41.8719,12.5674
792,Italy,2020,Sfera Ebbasta,144029398,41.8719,12.5674
793,Italy,2020,Marracash,120865929,41.8719,12.5674
794,Italy,2020,Ernia,102453460,41.8719,12.5674
795,Italy,2021,BLANCO,276454011,41.8719,12.5674
796,Italy,2021,sangiovanni,222021895,41.8719,12.5674
797,Italy,2021,Måneskin,212289875,41.8719,12.5674
798,Italy,2021,Madame,156643634,41.8719,12.5674
799,Italy,2021,Capo Plaza,137196026,41.8719,12.5674
800,Japan,2017,Ed Sheeran,15955703,36.2048,138.2529
801,Japan,2017,TWICE,11332754,36.2048,138.2529
802,Japan,2017,Shota Shimizu,11231606,36.2048,138.2529
803,Japan,2017,ONE OK ROCK,10980269,36.2048,138.2529
804,Japan,2017,AAA,8118976,36.2048,138.2529
805,Japan,2018,TWICE,29495771,36.2048,138.2529
806,Japan,2018,ONE OK ROCK,23786582,36.2048,138.2529
807,Japan,2018,Shota Shimizu,20703101,36.2048,138.2529
808,Japan,2018,Aimyon,20530495,36.2048,138.2529
809,Japan,2018,BTS,17415693,36.2048,138.2529
810,Japan,2019,Aimyon,131986351,36.2048,138.2529
811,Japan,2019,Official HIGE DANdism,124150136,36.2048,138.2529
812,Japan,2019,King Gnu,57352764,36.2048,138.2529
813,Japan,2019,back number,46643445,36.2048,138.2529
814,Japan,2019,ONE OK ROCK,45101653,36.2048,138.2529
815,Japan,2020,Official HIGE DANdism,406558359,36.2048,138.2529
816,Japan,2020,King Gnu,195959014,36.2048,138.2529
817,Japan,2020,Aimyon,182673144,36.2048,138.2529
818,Japan,2020,Mrs. GREEN APPLE,138437951,36.2048,138.2529
819,Japan,2020,YOASOBI,129040680,36.2048,138.2529
820,Japan,2021,YOASOBI,474863279,36.2048,138.2529
821,Japan,2021,BTS,339861624,36.2048,138.2529
822,Japan,2021,Official HIGE DANdism,255310539,36.2048,138.2529
823,Japan,2021,優里,166122970,36.2048,138.2529
824,Japan,2021,Vaundy,153488135,36.2048,138.2529
825,Latvia,2017,Ed Sheeran,1708884,56.8796,24.6032
826,Latvia,2017,Imagine Dragons,1108663,56.8796,24.6032
827,Latvia,2017,Kendrick Lamar,1048658,56.8796,24.6032
828,Latvia,2017,Clean Bandit,526065,56.8796,24.6032
829,Latvia,2017,"Calvin Harris, Funk Wav",522190,56.8796,24.6032
830,Latvia,2018,XXXTENTACION,2401216,56.8796,24.6032
831,Latvia,2018,Post Malone,2211935,56.8796,24.6032
832,Latvia,2018,Drake,1749141,56.8796,24.6032
833,Latvia,2018,Prāta Vētra,1256737,56.8796,24.6032
834,Latvia,2018,Eminem,952602,56.8796,24.6032
835,Latvia,2019,Billie Eilish,3982981,56.8796,24.6032
836,Latvia,2019,Post Malone,2613990,56.8796,24.6032
837,Latvia,2019,Ed Sheeran,1725295,56.8796,24.6032
838,Latvia,2019,Ariana Grande,1583912,56.8796,24.6032
839,Latvia,2019,Lil Nas X,1211144,56.8796,24.6032
840,Latvia,2020,Juice WRLD,2151904,56.8796,24.6032
841,Latvia,2020,Billie Eilish,2056164,56.8796,24.6032
842,Latvia,2020,The Weeknd,1972943,56.8796,24.6032
843,Latvia,2020,Travis Scott,1767460,56.8796,24.6032
844,Latvia,2020,Harry Styles,1760311,56.8796,24.6032
845,Latvia,2021,Måneskin,3558713,56.8796,24.6032
846,Latvia,2021,Olivia Rodrigo,2367284,56.8796,24.6032
847,Latvia,2021,Doja Cat,2322261,56.8796,24.6032
848,Latvia,2021,Lil Nas X,2019565,56.8796,24.6032
849,Latvia,2021,The Weeknd,1832767,56.8796,24.6032
850,Lithuania,2017,Ed Sheeran,1579482,55.1694,23.8813
851,Lithuania,2017,Imagine Dragons,921201,55.1694,23.8813
852,Lithuania,2017,Kendrick Lamar,657242,55.1694,23.8813
853,Lithuania,2017,"Calvin Harris, Funk Wav",631633,55.1694,23.8813
854,Lithuania,2017,Clean Bandit,553820,55.1694,23.8813
855,Lithuania,2018,Drake,1345627,55.1694,23.8813
856,Lithuania,2018,XXXTENTACION,1248859,55.1694,23.8813
857,Lithuania,2018,Post Malone,1210326,55.1694,23.8813
858,Lithuania,2018,Ariana Grande,1114212,55.1694,23.8813
859,Lithuania,2018,Eminem,603130,55.1694,23.8813
860,Lithuania,2019,Billie Eilish,4398051,55.1694,23.8813
861,Lithuania,2019,Post Malone,2150695,55.1694,23.8813
862,Lithuania,2019,Ariana Grande,1947486,55.1694,23.8813
863,Lithuania,2019,Ed Sheeran,1686719,55.1694,23.8813
864,Lithuania,2019,Tones And I,1195345,55.1694,23.8813
865,Lithuania,2020,The Weeknd,3061199,55.1694,23.8813
866,Lithuania,2020,Billie Eilish,2657173,55.1694,23.8813
867,Lithuania,2020,OG Version,2525247,55.1694,23.8813
868,Lithuania,2020,Dua Lipa,2374345,55.1694,23.8813
869,Lithuania,2020,Harry Styles,2323688,55.1694,23.8813
870,Lithuania,2021,Måneskin,9776153,55.1694,23.8813
871,Lithuania,2021,Doja Cat,3249425,55.1694,23.8813
872,Lithuania,2021,The Weeknd,3190152,55.1694,23.8813
873,Lithuania,2021,Olivia Rodrigo,2762221,55.1694,23.8813
874,Lithuania,2021,Lil Nas X,2682327,55.1694,23.8813
875,Luxembourg,2017,Ed Sheeran,809786,49.8153,6.1296
876,Luxembourg,2017,Luis Fonsi,257174,49.8153,6.1296
877,Luxembourg,2017,"Luis Fonsi, Daddy Yankee, Justin Bieber",247378,49.8153,6.1296
878,Luxembourg,2017,"The Chainsmokers, Coldplay",224007,49.8153,6.1296
879,Luxembourg,2017,Clean Bandit,215138,49.8153,6.1296
880,Luxembourg,2018,Drake,34080,49.8153,6.1296
881,Luxembourg,2018,Michael Bublé,29588,49.8153,6.1296
882,Luxembourg,2018,Mariah Carey,19904,49.8153,6.1296
883,Luxembourg,2018,Dean Martin,14744,49.8153,6.1296
884,Luxembourg,2018,Frank Sinatra,14625,49.8153,6.1296
885,Luxembourg,2019,Tones And I,95260,49.8153,6.1296
886,Luxembourg,2019,Post Malone,74826,49.8153,6.1296
887,Luxembourg,2019,Ed Sheeran,62632,49.8153,6.1296
888,Luxembourg,2019,Maroon 5,47247,49.8153,6.1296
889,Luxembourg,2019,"Shawn Mendes, Camila Cabello",46837,49.8153,6.1296
890,Luxembourg,2020,Pop Smoke,240274,49.8153,6.1296
891,Luxembourg,2020,Michael Bublé,102663,49.8153,6.1296
892,Luxembourg,2020,Ariana Grande,86216,49.8153,6.1296
893,Luxembourg,2020,Mariah Carey,80729,49.8153,6.1296
894,Luxembourg,2020,The Weeknd,68647,49.8153,6.1296
895,Luxembourg,2021,Lil Nas X,122326,49.8153,6.1296
896,Luxembourg,2021,Drake,121543,49.8153,6.1296
897,Luxembourg,2021,The Weeknd,103300,49.8153,6.1296
898,Luxembourg,2021,Olivia Rodrigo,100199,49.8153,6.1296
899,Luxembourg,2021,Måneskin,86967,49.8153,6.1296
900,Malaysia,2017,Ed Sheeran,36741758,4.2105,101.9758
901,Malaysia,2017,Charlie Puth,13333821,4.2105,101.9758
902,Malaysia,2017,Bruno Mars,12622744,4.2105,101.9758
903,Malaysia,2017,Clean Bandit,11602743,4.2105,101.9758
904,Malaysia,2017,The Chainsmokers,9735190,4.2105,101.9758
905,Malaysia,2018,Ed Sheeran,19230063,4.2105,101.9758
906,Malaysia,2018,BTS,15862090,4.2105,101.9758
907,Malaysia,2018,Ariana Grande,14885220,4.2105,101.9758
908,Malaysia,2018,Lauv,14054602,4.2105,101.9758
909,Malaysia,2018,Camila Cabello,12313876,4.2105,101.9758
910,Malaysia,2019,Ed Sheeran,32962052,4.2105,101.9758
911,Malaysia,2019,Ariana Grande,30537825,4.2105,101.9758
912,Malaysia,2019,Billie Eilish,27074256,4.2105,101.9758
913,Malaysia,2019,BLACKPINK,24792135,4.2105,101.9758
914,Malaysia,2019,Post Malone,24652761,4.2105,101.9758
915,Malaysia,2020,BTS,42699686,4.2105,101.9758
916,Malaysia,2020,BLACKPINK,37655062,4.2105,101.9758
917,Malaysia,2020,Ariana Grande,23977878,4.2105,101.9758
918,Malaysia,2020,Justin Bieber,22899939,4.2105,101.9758
919,Malaysia,2020,Billie Eilish,21056576,4.2105,101.9758
920,Malaysia,2021,Olivia Rodrigo,47079777,4.2105,101.9758
921,Malaysia,2021,BTS,42363742,4.2105,101.9758
922,Malaysia,2021,Justin Bieber,28713110,4.2105,101.9758
923,Malaysia,2021,Doja Cat,21115753,4.2105,101.9758
924,Malaysia,2021,Ariana Grande,21111831,4.2105,101.9758
925,Mexico,2017,Maluma,192912141,23.6345,-102.5528
926,Mexico,2017,Ed Sheeran,174074228,23.6345,-102.5528
927,Mexico,2017,Ozuna,169811278,23.6345,-102.5528
928,Mexico,2017,Danny Ocean,129703973,23.6345,-102.5528
929,Mexico,2017,Nicky Jam,117741573,23.6345,-102.5528
930,Mexico,2018,Luis Miguel,265887006,23.6345,-102.5528
931,Mexico,2018,Maluma,190255106,23.6345,-102.5528
932,Mexico,2018,Ozuna,178509283,23.6345,-102.5528
933,Mexico,2018,Banda MS de Sergio Lizárraga,155933475,23.6345,-102.5528
934,Mexico,2018,Danny Ocean,148543136,23.6345,-102.5528
935,Mexico,2019,Maluma,240900872,23.6345,-102.5528
936,Mexico,2019,Paulo Londra,237346144,23.6345,-102.5528
937,Mexico,2019,"J Balvin, Bad Bunny",169875618,23.6345,-102.5528
938,Mexico,2019,Christian Nodal,169340942,23.6345,-102.5528
939,Mexico,2019,Bad Bunny,168340848,23.6345,-102.5528
940,Mexico,2020,Bad Bunny,735345649,23.6345,-102.5528
941,Mexico,2020,Christian Nodal,475370645,23.6345,-102.5528
942,Mexico,2020,J Balvin,456926086,23.6345,-102.5528
943,Mexico,2020,Maluma,314828614,23.6345,-102.5528
944,Mexico,2020,Camilo,191845329,23.6345,-102.5528
945,Mexico,2021,Bad Bunny,530783991,23.6345,-102.5528
946,Mexico,2021,Rauw Alejandro,316528089,23.6345,-102.5528
947,Mexico,2021,Christian Nodal,284719981,23.6345,-102.5528
948,Mexico,2021,The Weeknd,204510294,23.6345,-102.5528
949,Mexico,2021,Maluma,201168876,23.6345,-102.5528
950,Morocco,2019,Hatim Ammor,672154,31.7917,-7.0926
951,Morocco,2019,ElGrandeToto,648309,31.7917,-7.0926
952,Morocco,2019,Saad Lamjarred,543537,31.7917,-7.0926
953,Morocco,2019,Naar,532799,31.7917,-7.0926
954,Morocco,2019,Soolking,523455,31.7917,-7.0926
955,Morocco,2020,ElGrandeToto,5114648,31.7917,-7.0926
956,Morocco,2020,Inkonnu,3558413,31.7917,-7.0926
957,Morocco,2020,Snor,3267714,31.7917,-7.0926
958,Morocco,2020,Stormy,3133945,31.7917,-7.0926
959,Morocco,2020,7ari,2593545,31.7917,-7.0926
960,Morocco,2021,ElGrandeToto,37933124,31.7917,-7.0926
961,Morocco,2021,Inkonnu,14871451,31.7917,-7.0926
962,Morocco,2021,Draganov,7516855,31.7917,-7.0926
963,Morocco,2021,Snor,6065055,31.7917,-7.0926
964,Morocco,2021,Tagne,5338085,31.7917,-7.0926
965,Netherlands,2017,Ed Sheeran,170174108,52.1326,5.2913
966,Netherlands,2017,Lil Kleine,83758920,52.1326,5.2913
967,Netherlands,2017,Boef,63169751,52.1326,5.2913
968,Netherlands,2017,Clean Bandit,48435983,52.1326,5.2913
969,Netherlands,2017,Broederliefde,44940770,52.1326,5.2913
970,Netherlands,2018,Drake,84366480,52.1326,5.2913
971,Netherlands,2018,Josylvio,73609320,52.1326,5.2913
972,Netherlands,2018,Post Malone,58635476,52.1326,5.2913
973,Netherlands,2018,Boef,58546728,52.1326,5.2913
974,Netherlands,2018,XXXTENTACION,56970171,52.1326,5.2913
975,Netherlands,2019,Snelle,101376209,52.1326,5.2913
976,Netherlands,2019,Ed Sheeran,93741864,52.1326,5.2913
977,Netherlands,2019,Billie Eilish,88601019,52.1326,5.2913
978,Netherlands,2019,Post Malone,82032153,52.1326,5.2913
979,Netherlands,2019,Ariana Grande,62152672,52.1326,5.2913
980,Netherlands,2020,The Weeknd,86266980,52.1326,5.2913
981,Netherlands,2020,Snelle,79959605,52.1326,5.2913
982,Netherlands,2020,Dua Lipa,71283314,52.1326,5.2913
983,Netherlands,2020,Pop Smoke,67859738,52.1326,5.2913
984,Netherlands,2020,Justin Bieber,67324781,52.1326,5.2913
985,Netherlands,2021,Olivia Rodrigo,97714397,52.1326,5.2913
986,Netherlands,2021,Justin Bieber,84118120,52.1326,5.2913
987,Netherlands,2021,Ed Sheeran,63212407,52.1326,5.2913
988,Netherlands,2021,Suzan & Freek,62922675,52.1326,5.2913
989,Netherlands,2021,The Kid LAROI,58385356,52.1326,5.2913
990,New Zealand,2017,Ed Sheeran,58211713,-40.9006,174.886
991,New Zealand,2017,Kendrick Lamar,20586343,-40.9006,174.886
992,New Zealand,2017,Khalid,13192740,-40.9006,174.886
993,New Zealand,2017,Lorde,12772052,-40.9006,174.886
994,New Zealand,2017,Bruno Mars,12539391,-40.9006,174.886
995,New Zealand,2018,Post Malone,42809856,-40.9006,174.886
996,New Zealand,2018,XXXTENTACION,33743991,-40.9006,174.886
997,New Zealand,2018,Drake,30062626,-40.9006,174.886
998,New Zealand,2018,SIX60,26935018,-40.9006,174.886
999,New Zealand,2018,Ed Sheeran,26438967,-40.9006,174.886
1000,New Zealand,2019,Billie Eilish,44637883,-40.9006,174.886
1001,New Zealand,2019,Post Malone,36177345,-40.9006,174.886
1002,New Zealand,2019,SIX60,34755981,-40.9006,174.886
1003,New Zealand,2019,Ed Sheeran,34405142,-40.9006,174.886
1004,New Zealand,2019,Khalid,28138990,-40.9006,174.886
1005,New Zealand,2020,SIX60,48969149,-40.9006,174.886
1006,New Zealand,2020,L.A.B.,26552382,-40.9006,174.886
1007,New Zealand,2020,Pop Smoke,21356667,-40.9006,174.886
1008,New Zealand,2020,Harry Styles,21223960,-40.9006,174.886
1009,New Zealand,2020,Lewis Capaldi,20548243,-40.9006,174.886
1010,New Zealand,2021,SIX60,44570868,-40.9006,174.886
1011,New Zealand,2021,Olivia Rodrigo,34260227,-40.9006,174.886
1012,New Zealand,2021,L.A.B.,28339935,-40.9006,174.886
1013,New Zealand,2021,Doja Cat,22661249,-40.9006,174.886
1014,New Zealand,2021,Ed Sheeran,20777662,-40.9006,174.886
1015,Nicaragua,2017,Luis Fonsi,614228,12.8654,-85.2072
1016,Nicaragua,2017,Ed Sheeran,605177,12.8654,-85.2072
1017,Nicaragua,2017,Danny Ocean,509744,12.8654,-85.2072
1018,Nicaragua,2017,Zion & Lennox,353076,12.8654,-85.2072
1019,Nicaragua,2017,Maluma,321547,12.8654,-85.2072
1020,Nicaragua,2018,Bad Bunny,58539,12.8654,-85.2072
1021,Nicaragua,2018,Ozuna,10565,12.8654,-85.2072
1022,Nicaragua,2018,Daddy Yankee,9591,12.8654,-85.2072
1023,Nicaragua,2018,"Bad Bunny, Prince Royce, J Balvin, Mambo Kingz, DJ Luian",6681,12.8654,-85.2072
1024,Nicaragua,2018,Danny Ocean,6247,12.8654,-85.2072
1025,Nicaragua,2019,"J Balvin, Bad Bunny",1438566,12.8654,-85.2072
1026,Nicaragua,2019,"Anuel AA, Daddy Yankee, KAROL G, J Balvin, Ozuna",966794,12.8654,-85.2072
1027,Nicaragua,2019,Bad Bunny,925121,12.8654,-85.2072
1028,Nicaragua,2019,"Bad Bunny, Tainy",903811,12.8654,-85.2072
1029,Nicaragua,2019,"Jhay Cortez, J Balvin, Bad Bunny",726184,12.8654,-85.2072
1030,Nicaragua,2020,Bad Bunny,9799582,12.8654,-85.2072
1031,Nicaragua,2020,J Balvin,3449994,12.8654,-85.2072
1032,Nicaragua,2020,Christian Nodal,2219539,12.8654,-85.2072
1033,Nicaragua,2020,Maluma,2018075,12.8654,-85.2072
1034,Nicaragua,2020,Myke Towers,1902880,12.8654,-85.2072
1035,Nicaragua,2021,Bad Bunny,11143118,12.8654,-85.2072
1036,Nicaragua,2021,Rauw Alejandro,2643971,12.8654,-85.2072
1037,Nicaragua,2021,"Bad Bunny, Jhay Cortez",2303051,12.8654,-85.2072
1038,Nicaragua,2021,Christian Nodal,2061937,12.8654,-85.2072
1039,Nicaragua,2021,Olivia Rodrigo,1902470,12.8654,-85.2072
1040,Norway,2017,Ed Sheeran,90062963,60.472,8.4689
1041,Norway,2017,Astrid S,44317048,60.472,8.4689
1042,Norway,2017,Kygo,35204227,60.472,8.4689
1043,Norway,2017,Alan Walker,31440612,60.472,8.4689
1044,Norway,2017,Clean Bandit,30107452,60.472,8.4689
1045,Norway,2018,Post Malone,57918034,60.472,8.4689
1046,Norway,2018,XXXTENTACION,50981211,60.472,8.4689
1047,Norway,2018,Drake,39411477,60.472,8.4689
1048,Norway,2018,Ed Sheeran,29936513,60.472,8.4689
1049,Norway,2018,Eminem,26723257,60.472,8.4689
1050,Norway,2019,Billie Eilish,68588858,60.472,8.4689
1051,Norway,2019,Post Malone,58954180,60.472,8.4689
1052,Norway,2019,Ed Sheeran,45875289,60.472,8.4689
1053,Norway,2019,Ariana Grande,31674458,60.472,8.4689
1054,Norway,2019,Tones And I,28625954,60.472,8.4689
1055,Norway,2020,TIX,57344320,60.472,8.4689
1056,Norway,2020,The Weeknd,47700302,60.472,8.4689
1057,Norway,2020,Lewis Capaldi,41809742,60.472,8.4689
1058,Norway,2020,Ava Max,39626737,60.472,8.4689
1059,Norway,2020,Billie Eilish,39209451,60.472,8.4689
1060,Norway,2021,Olivia Rodrigo,54206737,60.472,8.4689
1061,Norway,2021,TIX,44355507,60.472,8.4689
1062,Norway,2021,Justin Bieber,35974943,60.472,8.4689
1063,Norway,2021,The Kid LAROI,35900537,60.472,8.4689
1064,Norway,2021,The Weeknd,30762497,60.472,8.4689
1065,Panama,2017,Ozuna,6129704,8.538,-80.7821
1066,Panama,2017,Ed Sheeran,3837899,8.538,-80.7821
1067,Panama,2017,Nicky Jam,3184090,8.538,-80.7821
1068,Panama,2017,Maluma,2541424,8.538,-80.7821
1069,Panama,2017,Shakira,2397271,8.538,-80.7821
1070,Panama,2018,Ozuna,7259671,8.538,-80.7821
1071,Panama,2018,Bad Bunny,5424708,8.538,-80.7821
1072,Panama,2018,Sech,4097038,8.538,-80.7821
1073,Panama,2018,Anuel AA,2937409,8.538,-80.7821
1074,Panama,2018,Manuel Turizo,2808031,8.538,-80.7821
1075,Panama,2019,Bad Bunny,9839934,8.538,-80.7821
1076,Panama,2019,Sech,8932624,8.538,-80.7821
1077,Panama,2019,"J Balvin, Bad Bunny",5379802,8.538,-80.7821
1078,Panama,2019,Paulo Londra,4945052,8.538,-80.7821
1079,Panama,2019,Ozuna,4601893,8.538,-80.7821
1080,Panama,2020,Bad Bunny,18827054,8.538,-80.7821
1081,Panama,2020,Boza,9968955,8.538,-80.7821
1082,Panama,2020,J Balvin,8005828,8.538,-80.7821
1083,Panama,2020,Myke Towers,6731196,8.538,-80.7821
1084,Panama,2020,Camilo,5947811,8.538,-80.7821
1085,Panama,2021,Bad Bunny,15638747,8.538,-80.7821
1086,Panama,2021,Boza,14952296,8.538,-80.7821
1087,Panama,2021,Sech,9486172,8.538,-80.7821
1088,Panama,2021,Rauw Alejandro,8181154,8.538,-80.7821
1089,Panama,2021,Olivia Rodrigo,4685466,8.538,-80.7821
1090,Paraguay,2017,Ozuna,7173748,-23.4425,-58.4438
1091,Paraguay,2017,Ed Sheeran,4921077,-23.4425,-58.4438
1092,Paraguay,2017,Nicky Jam,4348653,-23.4425,-58.4438
1093,Paraguay,2017,Piso 21,4284069,-23.4425,-58.4438
1094,Paraguay,2017,Maluma,4020142,-23.4425,-58.4438
1095,Paraguay,2018,Ozuna,8061948,-23.4425,-58.4438
1096,Paraguay,2018,Bad Bunny,7951103,-23.4425,-58.4438
1097,Paraguay,2018,Piso 21,6995419,-23.4425,-58.4438
1098,Paraguay,2018,Anuel AA,6452638,-23.4425,-58.4438
1099,Paraguay,2018,Paulo Londra,5405287,-23.4425,-58.4438
1100,Paraguay,2019,Paulo Londra,17814303,-23.4425,-58.4438
1101,Paraguay,2019,Bad Bunny,10642381,-23.4425,-58.4438
1102,Paraguay,2019,"J Balvin, Bad Bunny",7954582,-23.4425,-58.4438
1103,Paraguay,2019,"Bad Bunny, Tainy",6290257,-23.4425,-58.4438
1104,Paraguay,2019,"Sech, Darell",5974025,-23.4425,-58.4438
1105,Paraguay,2020,Bad Bunny,35490094,-23.4425,-58.4438
1106,Paraguay,2020,J Balvin,17688104,-23.4425,-58.4438
1107,Paraguay,2020,Maluma,13814118,-23.4425,-58.4438
1108,Paraguay,2020,Myke Towers,11776718,-23.4425,-58.4438
1109,Paraguay,2020,Rauw Alejandro,11380207,-23.4425,-58.4438
1110,Paraguay,2021,Bad Bunny,32877888,-23.4425,-58.4438
1111,Paraguay,2021,Rauw Alejandro,17993146,-23.4425,-58.4438
1112,Paraguay,2021,Sech,13573762,-23.4425,-58.4438
1113,Paraguay,2021,"Myke Towers, Juhn",11759971,-23.4425,-58.4438
1114,Paraguay,2021,Maluma,11465664,-23.4425,-58.4438
1115,Peru,2017,Ozuna,31715034,-9.19,-75.0152
1116,Peru,2017,Ed Sheeran,31448656,-9.19,-75.0152
1117,Peru,2017,Maluma,29908022,-9.19,-75.0152
1118,Peru,2017,Nicky Jam,28023131,-9.19,-75.0152
1119,Peru,2017,Danny Ocean,22733008,-9.19,-75.0152
1120,Peru,2018,Maluma,37576488,-9.19,-75.0152
1121,Peru,2018,Ozuna,33544795,-9.19,-75.0152
1122,Peru,2018,Piso 21,32835371,-9.19,-75.0152
1123,Peru,2018,Bad Bunny,30620760,-9.19,-75.0152
1124,Peru,2018,Danny Ocean,25514787,-9.19,-75.0152
1125,Peru,2019,Paulo Londra,58929939,-9.19,-75.0152
1126,Peru,2019,Maluma,44381363,-9.19,-75.0152
1127,Peru,2019,"J Balvin, Bad Bunny",34430321,-9.19,-75.0152
1128,Peru,2019,Bad Bunny,32501268,-9.19,-75.0152
1129,Peru,2019,Daniela Darcourt,30533501,-9.19,-75.0152
1130,Peru,2020,Bad Bunny,77745474,-9.19,-75.0152
1131,Peru,2020,Camilo,61091756,-9.19,-75.0152
1132,Peru,2020,Maluma,52955527,-9.19,-75.0152
1133,Peru,2020,J Balvin,51584692,-9.19,-75.0152
1134,Peru,2020,Rauw Alejandro,32800199,-9.19,-75.0152
1135,Peru,2021,Bad Bunny,64195943,-9.19,-75.0152
1136,Peru,2021,Rauw Alejandro,57278212,-9.19,-75.0152
1137,Peru,2021,Maluma,39310884,-9.19,-75.0152
1138,Peru,2021,BTS,37536847,-9.19,-75.0152
1139,Peru,2021,KAROL G,34031199,-9.19,-75.0152
1140,Philippines,2017,Ed Sheeran,196795860,12.8797,121.774
1141,Philippines,2017,Bruno Mars,112082581,12.8797,121.774
1142,Philippines,2017,Moira Dela Torre,61380273,12.8797,121.774
1143,Philippines,2017,LANY,56323962,12.8797,121.774
1144,Philippines,2017,James Arthur,52239272,12.8797,121.774
1145,Philippines,2018,LANY,156981779,12.8797,121.774
1146,Philippines,2018,Moira Dela Torre,136486839,12.8797,121.774
1147,Philippines,2018,Ed Sheeran,93464240,12.8797,121.774
1148,Philippines,2018,Ben&Ben,92200257,12.8797,121.774
1149,Philippines,2018,Maroon 5,69385275,12.8797,121.774
1150,Philippines,2019,December Avenue,184812807,12.8797,121.774
1151,Philippines,2019,Ben&Ben,170970756,12.8797,121.774
1152,Philippines,2019,This Band,136359046,12.8797,121.774
1153,Philippines,2019,LANY,121158479,12.8797,121.774
1154,Philippines,2019,Ed Sheeran,118120404,12.8797,121.774
1155,Philippines,2020,Ben&Ben,297135053,12.8797,121.774
1156,Philippines,2020,BLACKPINK,139684391,12.8797,121.774
1157,Philippines,2020,BTS,119832524,12.8797,121.774
1158,Philippines,2020,Taylor Swift,101044881,12.8797,121.774
1159,Philippines,2020,Justin Bieber,96309666,12.8797,121.774
1160,Philippines,2021,Olivia Rodrigo,230449873,12.8797,121.774
1161,Philippines,2021,Ben&Ben,183217169,12.8797,121.774
1162,Philippines,2021,BTS,171953213,12.8797,121.774
1163,Philippines,2021,Taylor Swift,132770946,12.8797,121.774
1164,Philippines,2021,Justin Bieber,121371738,12.8797,121.774
1165,Poland,2017,Ed Sheeran,47513772,51.9194,19.1451
1166,Poland,2017,Taco Hemingway,29061733,51.9194,19.1451
1167,Poland,2017,Imagine Dragons,23847355,51.9194,19.1451
1168,Poland,2017,Quebonafide,12866428,51.9194,19.1451
1169,Poland,2017,Clean Bandit,11885796,51.9194,19.1451
1170,Poland,2018,"TACONAFIDE, Quebonafide, Taco Hemingway",66855767,51.9194,19.1451
1171,Poland,2018,Dawid Podsiadło,49293590,51.9194,19.1451
1172,Poland,2018,Taco Hemingway,44719284,51.9194,19.1451
1173,Poland,2018,Imagine Dragons,21660681,51.9194,19.1451
1174,Poland,2018,Young Igi,17865180,51.9194,19.1451
1175,Poland,2019,Billie Eilish,55824280,51.9194,19.1451
1176,Poland,2019,Dawid Podsiadło,53779026,51.9194,19.1451
1177,Poland,2019,chillwagon,48907897,51.9194,19.1451
1178,Poland,2019,"Bedoes, Lanek",42964874,51.9194,19.1451
1179,Poland,2019,Taco Hemingway,36270012,51.9194,19.1451
1180,Poland,2020,Mata,87218420,51.9194,19.1451
1181,Poland,2020,"Bedoes, Lanek",64516414,51.9194,19.1451
1182,Poland,2020,White 2115,52682387,51.9194,19.1451
1183,Poland,2020,sanah,47491842,51.9194,19.1451
1184,Poland,2020,chillwagon,44015494,51.9194,19.1451
1185,Poland,2021,sanah,163308525,51.9194,19.1451
1186,Poland,2021,Mata,131187417,51.9194,19.1451
1187,Poland,2021,"Bedoes, Lanek",61541378,51.9194,19.1451
1188,Poland,2021,White 2115,54299139,51.9194,19.1451
1189,Poland,2021,Måneskin,48196367,51.9194,19.1451
1190,Portugal,2017,Ed Sheeran,21315211,39.3999,-8.2245
1191,Portugal,2017,Piruka,9451287,39.3999,-8.2245
1192,Portugal,2017,Kendrick Lamar,8743734,39.3999,-8.2245
1193,Portugal,2017,Imagine Dragons,7315791,39.3999,-8.2245
1194,Portugal,2017,Major Lazer,6647955,39.3999,-8.2245
1195,Portugal,2018,XXXTENTACION,18950370,39.3999,-8.2245
1196,Portugal,2018,Drake,15524815,39.3999,-8.2245
1197,Portugal,2018,Post Malone,14543592,39.3999,-8.2245
1198,Portugal,2018,Wet Bed Gang,14107552,39.3999,-8.2245
1199,Portugal,2018,Piruka,8690090,39.3999,-8.2245
1200,Portugal,2019,Wet Bed Gang,27613584,39.3999,-8.2245
1201,Portugal,2019,ProfJam,21279399,39.3999,-8.2245
1202,Portugal,2019,Plutónio,19746505,39.3999,-8.2245
1203,Portugal,2019,Billie Eilish,18745648,39.3999,-8.2245
1204,Portugal,2019,Post Malone,16917976,39.3999,-8.2245
1205,Portugal,2020,Julinho Ksd,16561568,39.3999,-8.2245
1206,Portugal,2020,Wet Bed Gang,16417680,39.3999,-8.2245
1207,Portugal,2020,Pop Smoke,16110818,39.3999,-8.2245
1208,Portugal,2020,The Weeknd,15396666,39.3999,-8.2245
1209,Portugal,2020,Travis Scott,14989964,39.3999,-8.2245
1210,Portugal,2021,Olivia Rodrigo,25474957,39.3999,-8.2245
1211,Portugal,2021,Lil Nas X,17440052,39.3999,-8.2245
1212,Portugal,2021,The Weeknd,14722011,39.3999,-8.2245
1213,Portugal,2021,Billie Eilish,13005368,39.3999,-8.2245
1214,Portugal,2021,Doja Cat,12515373,39.3999,-8.2245
1215,Romania,2018,XXXTENTACION,5080420,45.9432,24.9668
1216,Romania,2018,Drake,2839857,45.9432,24.9668
1217,Romania,2018,Post Malone,2796967,45.9432,24.9668
1218,Romania,2018,Eminem,2651365,45.9432,24.9668
1219,Romania,2018,Travis Scott,1871586,45.9432,24.9668
1220,Romania,2019,Billie Eilish,9697887,45.9432,24.9668
1221,Romania,2019,Post Malone,7138834,45.9432,24.9668
1222,Romania,2019,Ariana Grande,5981874,45.9432,24.9668
1223,Romania,2019,Ed Sheeran,4086840,45.9432,24.9668
1224,Romania,2019,Nane,3936414,45.9432,24.9668
1225,Romania,2020,Nane,11312158,45.9432,24.9668
1226,Romania,2020,Travis Scott,8087084,45.9432,24.9668
1227,Romania,2020,The Weeknd,6081715,45.9432,24.9668
1228,Romania,2020,Billie Eilish,5586052,45.9432,24.9668
1229,Romania,2020,Pop Smoke,5513537,45.9432,24.9668
1230,Romania,2021,Måneskin,9986607,45.9432,24.9668
1231,Romania,2021,Tzanca Uraganu,9695935,45.9432,24.9668
1232,Romania,2021,Lil Nas X,6898398,45.9432,24.9668
1233,Romania,2021,Doja Cat,6578464,45.9432,24.9668
1234,Romania,2021,Olivia Rodrigo,6375376,45.9432,24.9668
1235,Russia,2020,kizaru,26848928,61.524,105.3188
1236,Russia,2020,Miyagi & Andy Panda,17613351,61.524,105.3188
1237,Russia,2020,Max Korzh,15440124,61.524,105.3188
1238,Russia,2020,Scriptonite,15003554,61.524,105.3188
1239,Russia,2020,SLAVA MARLOW,13987991,61.524,105.3188
1240,Russia,2021,MORGENSHTERN,61737813,61.524,105.3188
1241,Russia,2021,"Big Baby Tape, kizaru",60187193,61.524,105.3188
1242,Russia,2021,Miyagi & Andy Panda,40452822,61.524,105.3188
1243,Russia,2021,Scriptonite,36281808,61.524,105.3188
1244,Russia,2021,Måneskin,35199340,61.524,105.3188
1245,Saudi Arabia,2019,Aseel Hameem,4785214,23.8859,45.0792
1246,Saudi Arabia,2019,Post Malone,3288928,23.8859,45.0792
1247,Saudi Arabia,2019,XXXTENTACION,3243051,23.8859,45.0792
1248,Saudi Arabia,2019,Billie Eilish,3043644,23.8859,45.0792
1249,Saudi Arabia,2019,Imagine Dragons,2076604,23.8859,45.0792
1250,Saudi Arabia,2020,XXXTENTACION,8015325,23.8859,45.0792
1251,Saudi Arabia,2020,Travis Scott,7574119,23.8859,45.0792
1252,Saudi Arabia,2020,Aseel Hameem,6619910,23.8859,45.0792
1253,Saudi Arabia,2020,Billie Eilish,6226472,23.8859,45.0792
1254,Saudi Arabia,2020,BTS,5799726,23.8859,45.0792
1255,Saudi Arabia,2021,Abdullah Al Farwan,13402298,23.8859,45.0792
1256,Saudi Arabia,2021,Lil Nas X,6713684,23.8859,45.0792
1257,Saudi Arabia,2021,Doja Cat,6152310,23.8859,45.0792
1258,Saudi Arabia,2021,غريب ال مخلص,5964007,23.8859,45.0792
1259,Saudi Arabia,2021,XXXTENTACION,5313229,23.8859,45.0792
1260,Singapore,2017,Ed Sheeran,53713650,1.3521,103.8198
1261,Singapore,2017,Charlie Puth,17129835,1.3521,103.8198
1262,Singapore,2017,Bruno Mars,13565290,1.3521,103.8198
1263,Singapore,2017,The Chainsmokers,13090138,1.3521,103.8198
1264,Singapore,2017,Clean Bandit,13083280,1.3521,103.8198
1265,Singapore,2018,Ed Sheeran,24992091,1.3521,103.8198
1266,Singapore,2018,JJ Lin,22609266,1.3521,103.8198
1267,Singapore,2018,BTS,17280855,1.3521,103.8198
1268,Singapore,2018,Ariana Grande,16690075,1.3521,103.8198
1269,Singapore,2018,Jay Chou,16613938,1.3521,103.8198
1270,Singapore,2019,Ed Sheeran,38887003,1.3521,103.8198
1271,Singapore,2019,Ariana Grande,30760551,1.3521,103.8198
1272,Singapore,2019,Eric Chou,28471942,1.3521,103.8198
1273,Singapore,2019,JJ Lin,25609783,1.3521,103.8198
1274,Singapore,2019,BLACKPINK,23964764,1.3521,103.8198
1275,Singapore,2020,BLACKPINK,27745206,1.3521,103.8198
1276,Singapore,2020,BTS,25994351,1.3521,103.8198
1277,Singapore,2020,Eric Chou,23205129,1.3521,103.8198
1278,Singapore,2020,Lauv,19757074,1.3521,103.8198
1279,Singapore,2020,Ed Sheeran,18549386,1.3521,103.8198
1280,Singapore,2021,Olivia Rodrigo,35081547,1.3521,103.8198
1281,Singapore,2021,Justin Bieber,25071375,1.3521,103.8198
1282,Singapore,2021,Ed Sheeran,24828772,1.3521,103.8198
1283,Singapore,2021,BTS,23061391,1.3521,103.8198
1284,Singapore,2021,Eric Chou,18653075,1.3521,103.8198
1285,Slovakia,2017,Ed Sheeran,2761145,48.669,19.699
1286,Slovakia,2017,Imagine Dragons,1718510,48.669,19.699
1287,Slovakia,2017,Clean Bandit,825819,48.669,19.699
1288,Slovakia,2017,"The Chainsmokers, Coldplay",694095,48.669,19.699
1289,Slovakia,2017,"Calvin Harris, Funk Wav",660990,48.669,19.699
1290,Slovakia,2018,Imagine Dragons,2678009,48.669,19.699
1291,Slovakia,2018,Post Malone,2352958,48.669,19.699
1292,Slovakia,2018,Ego,2155899,48.669,19.699
1293,Slovakia,2018,XXXTENTACION,1937994,48.669,19.699
1294,Slovakia,2018,Eminem,1871159,48.669,19.699
1295,Slovakia,2019,Billie Eilish,6165052,48.669,19.699
1296,Slovakia,2019,Post Malone,5920532,48.669,19.699
1297,Slovakia,2019,DMS,5809367,48.669,19.699
1298,Slovakia,2019,Ed Sheeran,4224832,48.669,19.699
1299,Slovakia,2019,Gleb,3547026,48.669,19.699
1300,Slovakia,2020,Separ,5247689,48.669,19.699
1301,Slovakia,2020,The Weeknd,4490666,48.669,19.699
1302,Slovakia,2020,Nerieš,4425634,48.669,19.699
1303,Slovakia,2020,Billie Eilish,3992346,48.669,19.699
1304,Slovakia,2020,Kontrafakt,3666092,48.669,19.699
1305,Slovakia,2021,Lil Nas X,4978615,48.669,19.699
1306,Slovakia,2021,Olivia Rodrigo,4749277,48.669,19.699
1307,Slovakia,2021,Måneskin,4654402,48.669,19.699
1308,Slovakia,2021,Nerieš,4093055,48.669,19.699
1309,Slovakia,2021,The Weeknd,3970722,48.669,19.699
1310,South Africa,2018,Drake,2317784,-30.5595,22.9375
1311,South Africa,2018,Post Malone,1421532,-30.5595,22.9375
1312,South Africa,2018,XXXTENTACION,1377841,-30.5595,22.9375
1313,South Africa,2018,Ariana Grande,1167431,-30.5595,22.9375
1314,South Africa,2018,Eminem,1053778,-30.5595,22.9375
1315,South Africa,2019,Post Malone,7447735,-30.5595,22.9375
1316,South Africa,2019,Ed Sheeran,6135732,-30.5595,22.9375
1317,South Africa,2019,Billie Eilish,5896103,-30.5595,22.9375
1318,South Africa,2019,Khalid,4448454,-30.5595,22.9375
1319,South Africa,2019,Ariana Grande,3959805,-30.5595,22.9375
1320,South Africa,2020,Juice WRLD,9051290,-30.5595,22.9375
1321,South Africa,2020,Pop Smoke,8291706,-30.5595,22.9375
1322,South Africa,2020,Billie Eilish,6318909,-30.5595,22.9375
1323,South Africa,2020,Drake,6134890,-30.5595,22.9375
1324,South Africa,2020,The Weeknd,5416903,-30.5595,22.9375
1325,South Africa,2021,Drake,16071308,-30.5595,22.9375
1326,South Africa,2021,Olivia Rodrigo,9115095,-30.5595,22.9375
1327,South Africa,2021,Doja Cat,8850206,-30.5595,22.9375
1328,South Africa,2021,Ed Sheeran,7966041,-30.5595,22.9375
1329,South Africa,2021,Justin Bieber,7233870,-30.5595,22.9375
1330,South Korea,2021,BTS,21399637,35.9078,127.7669
1331,South Korea,2021,IU,9515066,35.9078,127.7669
1332,South Korea,2021,Justin Bieber,7742593,35.9078,127.7669
1333,South Korea,2021,aespa,4261777,35.9078,127.7669
1334,South Korea,2021,Ed Sheeran,3193024,35.9078,127.7669
1335,Spain,2017,Ed Sheeran,138959101,40.4637,-3.7492
1336,Spain,2017,Shakira,84592289,40.4637,-3.7492
1337,Spain,2017,Ozuna,82650878,40.4637,-3.7492
1338,Spain,2017,Luis Fonsi,76135182,40.4637,-3.7492
1339,Spain,2017,Maluma,76129328,40.4637,-3.7492
1340,Spain,2018,Ozuna,101872113,40.4637,-3.7492
1341,Spain,2018,Bad Bunny,93744906,40.4637,-3.7492
1342,Spain,2018,ROSALÍA,88351377,40.4637,-3.7492
1343,Spain,2018,Maluma,70682513,40.4637,-3.7492
1344,Spain,2018,Aitana,69928604,40.4637,-3.7492
1345,Spain,2019,Don Patricio,122844464,40.4637,-3.7492
1346,Spain,2019,Beret,115572250,40.4637,-3.7492
1347,Spain,2019,Paulo Londra,114781664,40.4637,-3.7492
1348,Spain,2019,Bad Bunny,110222968,40.4637,-3.7492
1349,Spain,2019,Ozuna,97011137,40.4637,-3.7492
1350,Spain,2020,Bad Bunny,206323182,40.4637,-3.7492
1351,Spain,2020,J Balvin,206114265,40.4637,-3.7492
1352,Spain,2020,Anuel AA,130242195,40.4637,-3.7492
1353,Spain,2020,Rauw Alejandro,106733921,40.4637,-3.7492
1354,Spain,2020,Myke Towers,94256570,40.4637,-3.7492
1355,Spain,2021,Rauw Alejandro,261305272,40.4637,-3.7492
1356,Spain,2021,Camilo,129697896,40.4637,-3.7492
1357,Spain,2021,Bad Bunny,120761887,40.4637,-3.7492
1358,Spain,2021,Myke Towers,113487617,40.4637,-3.7492
1359,Spain,2021,Sech,97466083,40.4637,-3.7492
1360,Sweden,2017,Ed Sheeran,213629590,60.1282,18.6435
1361,Sweden,2017,Zara Larsson,66130965,60.1282,18.6435
1362,Sweden,2017,Hov1,57170501,60.1282,18.6435
1363,Sweden,2017,Avicii,53580245,60.1282,18.6435
1364,Sweden,2017,Clean Bandit,52993216,60.1282,18.6435
1365,Sweden,2018,Avicii,108281038,60.1282,18.6435
1366,Sweden,2018,Hov1,98813149,60.1282,18.6435
1367,Sweden,2018,Post Malone,92914988,60.1282,18.6435
1368,Sweden,2018,Drake,70200172,60.1282,18.6435
1369,Sweden,2018,XXXTENTACION,68240272,60.1282,18.6435
1370,Sweden,2019,Molly Sandén,98685186,60.1282,18.6435
1371,Sweden,2019,Einár,94124441,60.1282,18.6435
1372,Sweden,2019,Billie Eilish,92495860,60.1282,18.6435
1373,Sweden,2019,Avicii,80367367,60.1282,18.6435
1374,Sweden,2019,Hov1,75006311,60.1282,18.6435
1375,Sweden,2020,Victor Leksell,133721111,60.1282,18.6435
1376,Sweden,2020,Yasin,84835544,60.1282,18.6435
1377,Sweden,2020,The Weeknd,80114688,60.1282,18.6435
1378,Sweden,2020,Miss Li,77183105,60.1282,18.6435
1379,Sweden,2020,Pop Smoke,47733593,60.1282,18.6435
1380,Sweden,2021,Hov1,87778353,60.1282,18.6435
1381,Sweden,2021,Newkid,61021673,60.1282,18.6435
1382,Sweden,2021,Victor Leksell,54628757,60.1282,18.6435
1383,Sweden,2021,Olivia Rodrigo,50406035,60.1282,18.6435
1384,Sweden,2021,Ed Sheeran,50203355,60.1282,18.6435
1385,Switzerland,2017,Ed Sheeran,28471397,46.8182,8.2275
1386,Switzerland,2017,Imagine Dragons,9288871,46.8182,8.2275
1387,Switzerland,2017,Clean Bandit,7383034,46.8182,8.2275
1388,Switzerland,2017,Luis Fonsi,6048366,46.8182,8.2275
1389,Switzerland,2017,Kendrick Lamar,5113788,46.8182,8.2275
1390,Switzerland,2018,XXXTENTACION,17270886,46.8182,8.2275
1391,Switzerland,2018,Drake,16143144,46.8182,8.2275
1392,Switzerland,2018,Capital Bra,14684785,46.8182,8.2275
1393,Switzerland,2018,Post Malone,12630066,46.8182,8.2275
1394,Switzerland,2018,Imagine Dragons,10532446,46.8182,8.2275
1395,Switzerland,2019,Billie Eilish,20051919,46.8182,8.2275
1396,Switzerland,2019,Capital Bra,17908916,46.8182,8.2275
1397,Switzerland,2019,Ed Sheeran,17587030,46.8182,8.2275
1398,Switzerland,2019,Post Malone,15431280,46.8182,8.2275
1399,Switzerland,2019,Ariana Grande,12115686,46.8182,8.2275
1400,Switzerland,2020,Pop Smoke,21132871,46.8182,8.2275
1401,Switzerland,2020,Apache 207,19268736,46.8182,8.2275
1402,Switzerland,2020,The Weeknd,16589426,46.8182,8.2275
1403,Switzerland,2020,Billie Eilish,15201703,46.8182,8.2275
1404,Switzerland,2020,Lewis Capaldi,14345807,46.8182,8.2275
1405,Switzerland,2021,Ed Sheeran,19045884,46.8182,8.2275
1406,Switzerland,2021,Olivia Rodrigo,16096589,46.8182,8.2275
1407,Switzerland,2021,Lil Nas X,15794101,46.8182,8.2275
1408,Switzerland,2021,The Weeknd,15612440,46.8182,8.2275
1409,Switzerland,2021,Måneskin,13287611,46.8182,8.2275
1410,Taiwan,2017,Ed Sheeran,20685110,23.6978,120.9605
1411,Taiwan,2017,JJ Lin,7398953,23.6978,120.9605
1412,Taiwan,2017,"The Chainsmokers, Coldplay",7300997,23.6978,120.9605
1413,Taiwan,2017,The Chainsmokers,7232472,23.6978,120.9605
1414,Taiwan,2017,Charlie Puth,7183254,23.6978,120.9605
1415,Taiwan,2018,A-Mei Chang,11115478,23.6978,120.9605
1416,Taiwan,2018,LaLa Hsu,9759358,23.6978,120.9605
1417,Taiwan,2018,JJ Lin,8227332,23.6978,120.9605
1418,Taiwan,2018,Ed Sheeran,7696665,23.6978,120.9605
1419,Taiwan,2018,G.E.M.,7247619,23.6978,120.9605
1420,Taiwan,2019,高爾宣 OSN,22004410,23.6978,120.9605
1421,Taiwan,2019,G.E.M.,21276289,23.6978,120.9605
1422,Taiwan,2019,Jolin Tsai,21117402,23.6978,120.9605
1423,Taiwan,2019,Ed Sheeran,19891860,23.6978,120.9605
1424,Taiwan,2019,Eric Chou,18673956,23.6978,120.9605
1425,Taiwan,2020,G.E.M.,43264710,23.6978,120.9605
1426,Taiwan,2020,E.SO,39977965,23.6978,120.9605
1427,Taiwan,2020,高爾宣 OSN,34098971,23.6978,120.9605
1428,Taiwan,2020,Eric Chou,27739312,23.6978,120.9605
1429,Taiwan,2020,BTS,17735015,23.6978,120.9605
1430,Taiwan,2021,告五人,30926697,23.6978,120.9605
1431,Taiwan,2021,Eric Chou,27146390,23.6978,120.9605
1432,Taiwan,2021,G.E.M.,23125035,23.6978,120.9605
1433,Taiwan,2021,EggPlantEgg,22814129,23.6978,120.9605
1434,Taiwan,2021,Justin Bieber,21553739,23.6978,120.9605
1435,Thailand,2017,Ed Sheeran,2520137,15.87,100.9925
1436,Thailand,2017,BTS,2353904,15.87,100.9925
1437,Thailand,2017,Taylor Swift,1489858,15.87,100.9925
1438,Thailand,2017,Room 39,1429304,15.87,100.9925
1439,Thailand,2017,Sam Smith,1303456,15.87,100.9925
1440,Thailand,2018,BLACKPINK,10959973,15.87,100.9925
1441,Thailand,2018,The Toys,10435943,15.87,100.9925
1442,Thailand,2018,Atom Chanakan,9248709,15.87,100.9925
1443,Thailand,2018,Room 39,6848253,15.87,100.9925
1444,Thailand,2018,Lipta,6310476,15.87,100.9925
1445,Thailand,2019,Polycat,26768263,15.87,100.9925
1446,Thailand,2019,BLACKPINK,22904113,15.87,100.9925
1447,Thailand,2019,WANYAi,19910331,15.87,100.9925
1448,Thailand,2019,Lipta,18831810,15.87,100.9925
1449,Thailand,2019,MEAN,15587098,15.87,100.9925
1450,Thailand,2020,Three Man Down,50245822,15.87,100.9925
1451,Thailand,2020,BOWKYLION,36477009,15.87,100.9925
1452,Thailand,2020,BLACKPINK,33426260,15.87,100.9925
1453,Thailand,2020,SCRUBB,28649067,15.87,100.9925
1454,Thailand,2020,WANYAi,27441902,15.87,100.9925
1455,Thailand,2021,Three Man Down,49409423,15.87,100.9925
1456,Thailand,2021,Ink Waruntorn,30508916,15.87,100.9925
1457,Thailand,2021,SERIOUS BACON,29174175,15.87,100.9925
1458,Thailand,2021,BTS,28665836,15.87,100.9925
1459,Thailand,2021,Billkin,26593923,15.87,100.9925
1460,Turkey,2017,Ezhel,25466252,38.9637,35.2433
1461,Turkey,2017,Ed Sheeran,25227671,38.9637,35.2433
1462,Turkey,2017,Manuş Baba,24671798,38.9637,35.2433
1463,Turkey,2017,Sezen Aksu,18808382,38.9637,35.2433
1464,Turkey,2017,Imagine Dragons,18315069,38.9637,35.2433
1465,Turkey,2018,Ezhel,98936781,38.9637,35.2433
1466,Turkey,2018,Yüzyüzeyken Konuşuruz,42258297,38.9637,35.2433
1467,Turkey,2018,EDIS,30802833,38.9637,35.2433
1468,Turkey,2018,Mabel Matiz,29199333,38.9637,35.2433
1469,Turkey,2018,Gazapizm,23450061,38.9637,35.2433
1470,Turkey,2019,Ben Fero,184184383,38.9637,35.2433
1471,Turkey,2019,Ezhel,143263088,38.9637,35.2433
1472,Turkey,2019,Yüzyüzeyken Konuşuruz,90495228,38.9637,35.2433
1473,Turkey,2019,Norm Ender,62273462,38.9637,35.2433
1474,Turkey,2019,Şehinşah,60283444,38.9637,35.2433
1475,Turkey,2020,"Murda, Ezhel",133929539,38.9637,35.2433
1476,Turkey,2020,Yüzyüzeyken Konuşuruz,105876107,38.9637,35.2433
1477,Turkey,2020,Gazapizm,86647764,38.9637,35.2433
1478,Turkey,2020,Ezhel,84975844,38.9637,35.2433
1479,Turkey,2020,Reynmen,77840360,38.9637,35.2433
1480,Turkey,2021,UZI,195793053,38.9637,35.2433
1481,Turkey,2021,Ezhel,115591125,38.9637,35.2433
1482,Turkey,2021,Madrigal,88406381,38.9637,35.2433
1483,Turkey,2021,Yüzyüzeyken Konuşuruz,85105632,38.9637,35.2433
1484,Turkey,2021,Sefo,80804057,38.9637,35.2433
1485,Ukraine,2020,kizaru,5667135,48.3794,31.1656
1486,Ukraine,2020,Max Korzh,3368646,48.3794,31.1656
1487,Ukraine,2020,SLAVA MARLOW,2959836,48.3794,31.1656
1488,Ukraine,2020,Miyagi & Andy Panda,2606200,48.3794,31.1656
1489,Ukraine,2020,Scriptonite,2439675,48.3794,31.1656
1490,Ukraine,2021,MORGENSHTERN,16604023,48.3794,31.1656
1491,Ukraine,2021,"Big Baby Tape, kizaru",14580286,48.3794,31.1656
1492,Ukraine,2021,Måneskin,9643660,48.3794,31.1656
1493,Ukraine,2021,Miyagi & Andy Panda,7494451,48.3794,31.1656
1494,Ukraine,2021,Scriptonite,6798891,48.3794,31.1656
1495,United Arab Emirates,2019,Post Malone,2195945,23.4241,53.8478
1496,United Arab Emirates,2019,Ed Sheeran,1929101,23.4241,53.8478
1497,United Arab Emirates,2019,Billie Eilish,1264848,23.4241,53.8478
1498,United Arab Emirates,2019,"Shawn Mendes, Camila Cabello",1175788,23.4241,53.8478
1499,United Arab Emirates,2019,Lil Nas X,1046361,23.4241,53.8478
1500,United Arab Emirates,2020,XXXTENTACION,3545363,23.4241,53.8478
1501,United Arab Emirates,2020,Travis Scott,3439385,23.4241,53.8478
1502,United Arab Emirates,2020,Juice WRLD,3334328,23.4241,53.8478
1503,United Arab Emirates,2020,The Weeknd,2948453,23.4241,53.8478
1504,United Arab Emirates,2020,Billie Eilish,2783242,23.4241,53.8478
1505,United Arab Emirates,2021,Olivia Rodrigo,6987021,23.4241,53.8478
1506,United Arab Emirates,2021,Doja Cat,5264927,23.4241,53.8478
1507,United Arab Emirates,2021,Justin Bieber,5146017,23.4241,53.8478
1508,United Arab Emirates,2021,Lil Nas X,5001603,23.4241,53.8478
1509,United Arab Emirates,2021,The Weeknd,4708721,23.4241,53.8478
1510,United Kingdom,2017,Ed Sheeran,695156175,55.3781,-3.436
1511,United Kingdom,2017,Drake,173830775,55.3781,-3.436
1512,United Kingdom,2017,Clean Bandit,111538225,55.3781,-3.436
1513,United Kingdom,2017,Little Mix,97067002,55.3781,-3.436
1514,United Kingdom,2017,DJ Khaled,97006646,55.3781,-3.436
1515,United Kingdom,2018,Drake,367890119,55.3781,-3.436
1516,United Kingdom,2018,Post Malone,289660608,55.3781,-3.436
1517,United Kingdom,2018,XXXTENTACION,193096465,55.3781,-3.436
1518,United Kingdom,2018,Ariana Grande,189254624,55.3781,-3.436
1519,United Kingdom,2018,George Ezra,148541597,55.3781,-3.436
1520,United Kingdom,2019,Ed Sheeran,334280102,55.3781,-3.436
1521,United Kingdom,2019,Lewis Capaldi,330917697,55.3781,-3.436
1522,United Kingdom,2019,Ariana Grande,280622420,55.3781,-3.436
1523,United Kingdom,2019,Billie Eilish,277605556,55.3781,-3.436
1524,United Kingdom,2019,Post Malone,267738394,55.3781,-3.436
1525,United Kingdom,2020,Juice WRLD,206818519,55.3781,-3.436
1526,United Kingdom,2020,Pop Smoke,190567919,55.3781,-3.436
1527,United Kingdom,2020,Lewis Capaldi,187005776,55.3781,-3.436
1528,United Kingdom,2020,Harry Styles,171679611,55.3781,-3.436
1529,United Kingdom,2020,Billie Eilish,171193767,55.3781,-3.436
1530,United Kingdom,2021,Olivia Rodrigo,353943147,55.3781,-3.436
1531,United Kingdom,2021,Ed Sheeran,198062163,55.3781,-3.436
1532,United Kingdom,2021,Doja Cat,167468551,55.3781,-3.436
1533,United Kingdom,2021,Adele,149845008,55.3781,-3.436
1534,United Kingdom,2021,Drake,148988406,55.3781,-3.436
1535,United States,2017,Kendrick Lamar,1132834065,37.0902,-95.7129
1536,United States,2017,Drake,773421630,37.0902,-95.7129
1537,United States,2017,Lil Uzi Vert,756277795,37.0902,-95.7129
1538,United States,2017,Ed Sheeran,711107331,37.0902,-95.7129
1539,United States,2017,Migos,628419061,37.0902,-95.7129
1540,United States,2018,Post Malone,1931113925,37.0902,-95.7129
1541,United States,2018,XXXTENTACION,1790548850,37.0902,-95.7129
1542,United States,2018,Drake,1774128417,37.0902,-95.7129
1543,United States,2018,Travis Scott,917010135,37.0902,-95.7129
1544,United States,2018,Juice WRLD,758940625,37.0902,-95.7129
1545,United States,2019,Post Malone,1690389416,37.0902,-95.7129
1546,United States,2019,Billie Eilish,1478164763,37.0902,-95.7129
1547,United States,2019,Ariana Grande,1164608830,37.0902,-95.7129
1548,United States,2019,Juice WRLD,1064940610,37.0902,-95.7129
1549,United States,2019,Khalid,776043116,37.0902,-95.7129
1550,United States,2020,Juice WRLD,1738954501,37.0902,-95.7129
1551,United States,2020,DaBaby,793567472,37.0902,-95.7129
1552,United States,2020,Lil Uzi Vert,783716364,37.0902,-95.7129
1553,United States,2020,Post Malone,683655595,37.0902,-95.7129
1554,United States,2020,Pop Smoke,678966586,37.0902,-95.7129
1555,United States,2021,Olivia Rodrigo,1571241675,37.0902,-95.7129
1556,United States,2021,Drake,1092411536,37.0902,-95.7129
1557,United States,2021,Doja Cat,902551085,37.0902,-95.7129
1558,United States,2021,Juice WRLD,837464297,37.0902,-95.7129
1559,United States,2021,Morgan Wallen,657669126,37.0902,-95.7129
1560,Uruguay,2017,Ozuna,6905947,-32.5228,-55.7658
1561,Uruguay,2017,Ed Sheeran,5655860,-32.5228,-55.7658
1562,Uruguay,2017,Maluma,4758150,-32.5228,-55.7658
1563,Uruguay,2017,Nicky Jam,4501132,-32.5228,-55.7658
1564,Uruguay,2017,Rombai,4209184,-32.5228,-55.7658
1565,Uruguay,2018,Ozuna,5809211,-32.5228,-55.7658
1566,Uruguay,2018,Paulo Londra,4850034,-32.5228,-55.7658
1567,Uruguay,2018,Maluma,4561396,-32.5228,-55.7658
1568,Uruguay,2018,Bad Bunny,4490548,-32.5228,-55.7658
1569,Uruguay,2018,Piso 21,3658850,-32.5228,-55.7658
1570,Uruguay,2019,Paulo Londra,12031294,-32.5228,-55.7658
1571,Uruguay,2019,Bad Bunny,5242488,-32.5228,-55.7658
1572,Uruguay,2019,Maluma,5090992,-32.5228,-55.7658
1573,Uruguay,2019,Duki,4184379,-32.5228,-55.7658
1574,Uruguay,2019,Ed Sheeran,4093503,-32.5228,-55.7658
1575,Uruguay,2020,J Balvin,9215833,-32.5228,-55.7658
1576,Uruguay,2020,Camilo,8941807,-32.5228,-55.7658
1577,Uruguay,2020,Bad Bunny,7264715,-32.5228,-55.7658
1578,Uruguay,2020,Maluma,6629690,-32.5228,-55.7658
1579,Uruguay,2020,Rauw Alejandro,5846291,-32.5228,-55.7658
1580,Uruguay,2021,Rauw Alejandro,8867092,-32.5228,-55.7658
1581,Uruguay,2021,Camilo,5238260,-32.5228,-55.7658
1582,Uruguay,2021,Maria Becerra,5106545,-32.5228,-55.7658
1583,Uruguay,2021,Boza,4839076,-32.5228,-55.7658
1584,Uruguay,2021,Olivia Rodrigo,4563005,-32.5228,-55.7658
1585,Vietnam,2018,Mỹ Tâm,5477539,14.0583,108.2772
1586,Vietnam,2018,BTS,4833347,14.0583,108.2772
1587,Vietnam,2018,Ed Sheeran,1617231,14.0583,108.2772
1588,Vietnam,2018,Ariana Grande,1392611,14.0583,108.2772
1589,Vietnam,2018,Bich Phuong,1268748,14.0583,108.2772
1590,Vietnam,2019,BTS,11647705,14.0583,108.2772
1591,Vietnam,2019,Ariana Grande,8900010,14.0583,108.2772
1592,Vietnam,2019,Billie Eilish,8339526,14.0583,108.2772
1593,Vietnam,2019,Taylor Swift,7953252,14.0583,108.2772
1594,Vietnam,2019,Hoang Thuy Linh,7631292,14.0583,108.2772
1595,Vietnam,2020,BTS,36269867,14.0583,108.2772
1596,Vietnam,2020,BLACKPINK,17806809,14.0583,108.2772
1597,Vietnam,2020,Chillies,17736512,14.0583,108.2772
1598,Vietnam,2020,Hoang Thuy Linh,13718566,14.0583,108.2772
1599,Vietnam,2020,RAP VIỆT,10854131,14.0583,108.2772
1600,Vietnam,2021,BTS,38611507,14.0583,108.2772
1601,Vietnam,2021,Sơn Tùng M-TP,29426505,14.0583,108.2772
1602,Vietnam,2021,Chillies,16824402,14.0583,108.2772
1603,Vietnam,2021,Vũ.,16185461,14.0583,108.2772
1604,Vietnam,2021,Hoang Dung,9545145,14.0583,108.2772
